label	H_ppm	C_ppm	res_type
P1	0.340	25.390	L
P2	0.560	24.560	L
P3	0.890	21.180	V
P4	0.930	21.460	V
P5	0.340	14.890	I
P6	0.130	13.560	I
P7	0.880	25.100	L
P8	0.640	27.220	L
P9	1.680	17.770	A
P10	0.830	22.620	V
P11	1.270	23.760	V
P12	0.500	19.940	T
P13	0.590	10.490	I
P14	0.360	21.020	V
P15	0.790	22.740	V
P16	1.250	21.920	T
P17	0.970	23.160	V
P18	0.780	20.970	V
P19	1.120	26.900	L
P20	1.130	26.870	L
P21	0.970	21.400	V
P22	0.860	19.940	V
P23	0.570	18.140	A
P24	1.350	18.560	A
P25	1.160	21.650	T
P26	0.770	14.200	I
P27	0.440	15.140	I
P28	1.120	19.210	A
P29	1.280	18.320	A
P30	0.650	26.000	L
P31	0.530	20.940	L
P32	0.850	27.410	L
P33	0.510	22.090	L
P34	1.190	19.360	A
P35	0.170	12.800	I
P36	0.990	20.970	T
P37	1.450	17.860	A
P38	0.570	26.430	L
P39	0.520	25.690	L
P40	0.230	23.120	T
P41	0.770	18.250	A
P42	0.590	22.520	V
P43	1.360	19.790	V
P44	0.540	25.150	L
P45	1.010	24.630	L
P46	0.880	15.030	I
P47	1.450	22.410	A
P48	0.670	10.260	I
P49	1.550	23.580	A
P50	0.760	21.480	V
P51	0.510	21.090	V
P52	1.370	22.560	A
P53	0.730	27.120	L
P54	0.880	23.960	L
P55	0.700	23.020	L
P56	0.590	24.920	L
P57	0.470	14.100	I
P58	0.680	25.050	L
P59	0.790	23.080	L
P60	0.940	25.890	L
P61	0.960	27.170	L
P62	1.040	21.470	T
P63	0.590	12.830	I
P64	1.470	18.240	A
P65	0.900	24.370	L
P66	0.910	24.430	L
P67	0.800	26.250	L
P68	0.860	23.330	L
P69	1.590	18.090	A
P70	1.320	18.310	A
P71	0.700	22.820	L
P72	0.960	27.910	L
P73	2.020	17.590	M
P74	0.770	26.550	L
P75	0.120	23.810	L
P76	1.430	24.460	T
P77	-1.020	19.720	L
P78	-0.270	25.480	L
P79	0.790	13.690	I
P80	0.340	18.680	A
P81	1.580	20.180	A
P82	0.480	16.960	A
P83	0.890	14.330	I
P84	0.830	21.780	V
P85	0.710	22.980	V
P86	0.880	22.760	V
P87	0.850	22.820	V
P88	1.440	18.550	A
P89	1.240	18.660	A
P90	1.770	18.220	A
P91	1.100	24.600	L
P92	0.870	25.610	L
P93	1.290	21.140	T
P94	0.910	24.050	L
P95	0.870	25.490	L
P96	0.970	21.920	V
P97	0.870	23.700	V
P98	1.030	25.920	L
P99	0.830	23.690	L
P100	0.780	14.730	I
P101	2.050	17.080	M
P102	1.350	18.640	A
P103	1.210	23.810	T
P104	0.890	13.500	I
P105	1.130	17.460	A
P106	1.430	18.160	A
P107	1.520	20.250	A
P108	1.150	19.550	T
P109	1.730	20.880	A
P110	1.840	17.200	M
P111	0.190	17.650	T
P112	0.070	12.160	I
P113	1.360	19.320	A
P114	0.330	14.180	I
P115	1.340	22.180	T
P116	0.600	21.200	V
P117	0.800	22.190	V
P118	1.080	22.260	V
P119	0.610	21.750	V
P120	1.120	19.000	T
P121	0.980	20.700	V
P122	0.990	21.950	V
P123	0.670	26.180	L
P124	0.660	24.250	L
P125	1.050	21.150	T
P126	0.950	21.980	V
P127	1.030	23.040	V
P128	0.710	20.580	V
P129	0.560	21.340	V
P130	0.810	22.930	L
P131	0.890	25.530	L
P132	0.550	21.260	A
P133	0.950	14.270	I
P134	1.220	18.230	A
P135	1.300	18.930	A
P136	0.960	25.710	L
P137	0.980	22.950	L
P138	1.320	18.220	A
P139	0.690	26.060	L
P140	0.740	23.760	L
P141	0.860	24.230	L
P142	1.060	27.680	L
P143	1.070	26.020	L
P144	1.140	24.390	L
P145	0.830	21.090	T
P146	1.100	28.240	L
P147	0.810	22.100	L
P148	1.470	18.000	A
P149	1.010	21.690	V
P150	0.900	22.560	V
P151	0.930	27.120	L
P152	0.830	23.300	L
P153	1.380	19.730	A
P154	1.070	22.620	V
P155	1.260	19.230	V
P156	1.010	19.920	A
P157	0.870	24.590	L
P158	0.720	26.800	L
P159	0.890	26.720	L
P160	0.790	22.810	L
P161	1.430	17.390	A
P162	1.120	12.870	I
P163	1.650	17.680	A
P164	1.320	18.280	A
P165	1.390	20.680	T
P166	1.560	18.220	M
P167	1.300	18.120	A
P168	0.850	12.760	I
P169	2.090	17.420	M
P170	-0.140	12.680	I
P171	0.270	17.510	M
P172	1.690	18.960	A
P173	1.490	19.530	A
P174	0.860	21.550	V
P175	0.130	23.560	V
P176	1.150	21.650	T
P177	1.290	19.070	A
P178	0.930	20.780	V
P179	1.050	22.620	V
P180	0.890	13.380	I
P181	1.310	18.320	A
P182	1.450	18.360	A
P183	1.330	22.120	T
P184	1.000	21.550	V
P185	1.060	23.700	V
P186	1.410	18.660	A
P187	0.900	25.560	L
P188	0.730	19.850	L
P189	1.260	18.160	A
P190	1.260	21.760	T
P191	0.700	15.690	I
P192	1.380	22.180	T
