label	H_ppm	C_ppm	res_type	True
P1	0.340	25.390	L	L7CD1
P2	0.560	24.560	L	L7CD2
P3	0.890	21.180	V	V8CG1
P4	0.930	21.460	V	V8CG2
P5	0.340	14.890	I	I9CD1
P6	0.130	13.560	I	I11CD1
P7	0.880	25.100	L	L20CD1
P8	0.640	27.220	L	L20CD2
P9	1.680	17.770	A	A21CB
P10	0.830	22.620	V	V23CG1
P11	1.270	23.760	V	V23CG2
P12	0.500	19.940	T	T31CG2
P13	0.590	10.490	I	I33CD1
P14	0.360	21.020	V	V35CG1
P15	0.790	22.740	V	V35CG2
P16	1.250	21.920	T	T36CG2
P17	0.970	23.160	V	V37CG1
P18	0.780	20.970	V	V37CG2
P19	1.120	26.900	L	L43CD1
P20	1.130	26.870	L	L43CD2
P21	0.970	21.400	V	V50CG1
P22	0.860	19.940	V	V50CG2
P23	0.570	18.140	A	A51CB
P24	1.350	18.560	A	A52CB
P25	1.160	21.650	T	T53CG2
P26	0.770	14.200	I	I59CD1
P27	0.440	15.140	I	I60CD1
P28	1.120	19.210	A	A63CB
P29	1.280	18.320	A	A71CB
P30	0.650	26.000	L	L75CD1
P31	0.530	20.940	L	L75CD2
P32	0.850	27.410	L	L76CD1
P33	0.510	22.090	L	L76CD2
P34	1.190	19.360	A	A77CB
P35	0.170	12.800	I	I79CD1
P36	0.990	20.970	T	T80CG2
P37	1.450	17.860	A	A84CB
P38	0.570	26.430	L	L89CD1
P39	0.520	25.690	L	L89CD2
P40	0.230	23.120	T	T93CG2
P41	0.770	18.250	A	A96CB
P42	0.590	22.520	V	V97CG1
P43	1.360	19.790	V	V97CG2
P44	0.540	25.150	L	L103CD1
P45	1.010	24.630	L	L103CD2
P46	0.880	15.030	I	I104CD1
P47	1.450	22.410	A	A105CB
P48	0.670	10.260	I	I108CD1
P49	1.550	23.580	A	A109CB
P50	0.760	21.480	V	V110CG1
P51	0.510	21.090	V	V110CG2
P52	1.370	22.560	A	A112CB
P53	0.730	27.120	L	L113CD1
P54	0.880	23.960	L	L113CD2
P55	0.700	23.020	L	L115CD1
P56	0.590	24.920	L	L115CD2
P57	0.470	14.100	I	I116CD1
P58	0.680	25.050	L	L121CD1
P59	0.790	23.080	L	L121CD2
P60	0.940	25.890	L	L122CD1
P61	0.960	27.170	L	L122CD2
P62	1.040	21.470	T	T128CG2
P63	0.590	12.830	I	I132CD1
P64	1.470	18.240	A	A134CB
P65	0.900	24.370	L	L135CD1
P66	0.910	24.430	L	L135CD2
P67	0.800	26.250	L	L139CD1
P68	0.860	23.330	L	L139CD2
P69	1.590	18.090	A	A141CB
P70	1.320	18.310	A	A146CB
P71	0.700	22.820	L	L147CD1
P72	0.960	27.910	L	L147CD2
P73	2.020	17.590	M	M148CE
P74	0.770	26.550	L	L151CD1
P75	0.120	23.810	L	L151CD2
P76	1.430	24.460	T	T157CG2
P77	-1.020	19.720	L	L160CD1
P78	-0.270	25.480	L	L160CD2
P79	0.790	13.690	I	I161CD1
P80	0.340	18.680	A	A162CB
P81	1.580	20.180	A	A163CB
P82	0.480	16.960	A	A168CB
P83	0.890	14.330	I	I178CD1
P84	0.830	21.780	V	V181CG1
P85	0.710	22.980	V	V181CG2
P86	0.880	22.760	V	V183CG1
P87	0.850	22.820	V	V183CG2
P88	1.440	18.550	A	A186CB
P89	1.240	18.660	A	A188CB
P90	1.770	18.220	A	A190CB
P91	1.100	24.600	L	L192CD1
P92	0.870	25.610	L	L192CD2
P93	1.290	21.140	T	T193CG2
P94	0.910	24.050	L	L195CD1
P95	0.870	25.490	L	L195CD2
P96	0.970	21.920	V	V196CG1
P97	0.870	23.700	V	V196CG2
P98	1.030	25.920	L	L198CD1
P99	0.830	23.690	L	L198CD2
P100	0.780	14.730	I	I199CD1
P101	2.050	17.080	M	M204CE
P102	1.350	18.640	A	A206CB
P103	1.210	23.810	T	T208CG2
P104	0.890	13.500	I	I212CD1
P105	1.130	17.460	A	A213CB
P106	1.430	18.160	A	A215CB
P107	1.520	20.250	A	A216CB
P108	1.150	19.550	T	T222CG2
P109	1.730	20.880	A	A223CB
P110	1.840	17.200	M	M224CE
P111	0.190	17.650	T	T225CG2
P112	0.070	12.160	I	I226CD1
P113	1.360	19.320	A	A231CB
P114	0.330	14.180	I	I235CD1
P115	1.340	22.180	T	T237CG2
P116	0.600	21.200	V	V240CG1
P117	0.800	22.190	V	V240CG2
P118	1.080	22.260	V	V244CG1
P119	0.610	21.750	V	V244CG2
P120	1.120	19.000	T	T245CG2
P121	0.980	20.700	V	V246CG1
P122	0.990	21.950	V	V246CG2
P123	0.670	26.180	L	L247CD1
P124	0.660	24.250	L	L247CD2
P125	1.050	21.150	T	T249CG2
P126	0.950	21.980	V	V259CG1
P127	1.030	23.040	V	V259CG2
P128	0.710	20.580	V	V261CG1
P129	0.560	21.340	V	V261CG2
P130	0.810	22.930	L	L262CD1
P131	0.890	25.530	L	L262CD2
P132	0.550	21.260	A	A264CB
P133	0.950	14.270	I	I266CD1
P134	1.220	18.230	A	A268CB
P135	1.300	18.930	A	A269CB
P136	0.960	25.710	L	L275CD1
P137	0.980	22.950	L	L275CD2
P138	1.320	18.220	A	A276CB
P139	0.690	26.060	L	L280CD1
P140	0.740	23.760	L	L280CD2
P141	0.860	24.230	L	L284CD1
P142	1.060	27.680	L	L284CD2
P143	1.070	26.020	L	L285CD1
P144	1.140	24.390	L	L285CD2
P145	0.830	21.090	T	T286CG2
P146	1.100	28.240	L	L290CD1
P147	0.810	22.100	L	L290CD2
P148	1.470	18.000	A	A292CB
P149	1.010	21.690	V	V293CG1
P150	0.900	22.560	V	V293CG2
P151	0.930	27.120	L	L299CD1
P152	0.830	23.300	L	L299CD2
P153	1.380	19.730	A	A301CB
P154	1.070	22.620	V	V302CG1
P155	1.260	19.230	V	V302CG2
P156	1.010	19.920	A	A303CB
P157	0.870	24.590	L	L304CD1
P158	0.720	26.800	L	L304CD2
P159	0.890	26.720	L	L311CD1
P160	0.790	22.810	L	L311CD2
P161	1.430	17.390	A	A312CB
P162	1.120	12.870	I	I317CD1
P163	1.650	17.680	A	A318CB
P164	1.320	18.280	A	A319CB
P165	1.390	20.680	T	T320CG2
P166	1.560	18.220	M	M321CE
P167	1.300	18.120	A	A324CB
P168	0.850	12.760	I	I329CD1
P169	2.090	17.420	M	M330CE
P170	-0.140	12.680	I	I333CD1
P171	0.270	17.510	M	M336CE
P172	1.690	18.960	A	A338CB
P173	1.490	19.530	A	A342CB
P174	0.860	21.550	V	V343CG1
P175	0.130	23.560	V	V343CG2
P176	1.150	21.650	T	T345CG2
P177	1.290	19.070	A	A346CB
P178	0.930	20.780	V	V347CG1
P179	1.050	22.620	V	V347CG2
P180	0.890	13.380	I	I348CD1
P181	1.310	18.320	A	A350CB
P182	1.450	18.360	A	A351CB
P183	1.330	22.120	T	T356CG2
P184	1.000	21.550	V	V357CG1
P185	1.060	23.700	V	V357CG2
P186	1.410	18.660	A	A360CB
P187	0.900	25.560	L	L361CD1
P188	0.730	19.850	L	L361CD2
P189	1.260	18.160	A	A364CB
P190	1.260	21.760	T	T366CG2
P191	0.700	15.690	I	I368CD1
P192	1.380	22.180	T	T369CG2
