peak_id	res_type	n_options	options	truth	truth_in_set
P1	L	1	L7CD1	L7CD1	1
P2	L	1	L7CD2	L7CD2	1
P3	V	2	V8CG1,V8CG2	V8CG1	1
P4	V	2	V8CG1,V8CG2	V8CG2	1
P5	I	1	I9CD1	I9CD1	1
P6	I	1	I11CD1	I11CD1	1
P7	L	1	L20CD1	L20CD1	1
P8	L	1	L20CD2	L20CD2	1
P9	A	1	A21CB	A21CB	1
P10	V	1	V23CG1	V23CG1	1
P11	V	1	V23CG2	V23CG2	1
P12	T	1	T31CG2	T31CG2	1
P13	I	1	I33CD1	I33CD1	1
P14	V	1	V35CG1	V35CG1	1
P15	V	8	V35CG2,V97CG2,V181CG2,V240CG1,V240CG2,V261CG2,V293CG1,V357CG1	V35CG2	1
P16	T	6	T36CG2,T53CG2,T237CG2,T345CG2,T356CG2,T366CG2	T36CG2	1
P17	V	1	V37CG1	V37CG1	1
P18	V	1	V37CG2	V37CG2	1
P19	L	18	L43CD1,L43CD2,L113CD2,L115CD1,L135CD1,L135CD2,L147CD1,L192CD1,L192CD2,L195CD2,L247CD1,L262CD1,L262CD2,L280CD1,L290CD2,L311CD1,L311CD2,L361CD1	L43CD1	1
P20	L	18	L43CD1,L43CD2,L113CD2,L115CD1,L135CD1,L135CD2,L147CD1,L192CD1,L192CD2,L195CD2,L247CD1,L262CD1,L262CD2,L280CD1,L290CD2,L311CD1,L311CD2,L361CD1	L43CD2	1
P21	V	1	V50CG1	V50CG1	1
P22	V	1	V50CG2	V50CG2	1
P23	A	1	A51CB	A51CB	1
P24	A	17	A52CB,A84CB,A134CB,A141CB,A146CB,A186CB,A206CB,A264CB,A269CB,A276CB,A301CB,A319CB,A324CB,A346CB,A350CB,A351CB,A360CB	A52CB	1
P25	T	6	T36CG2,T53CG2,T237CG2,T345CG2,T356CG2,T366CG2	T53CG2	1
P26	I	1	I59CD1	I59CD1	1
P27	I	1	I60CD1	I60CD1	1
P28	A	1	A63CB	A63CB	1
P29	A	1	A71CB	A71CB	1
P30	L	2	L75CD1,L75CD2	L75CD1	1
P31	L	2	L75CD1,L75CD2	L75CD2	1
P32	L	1	L76CD1	L76CD1	1
P33	L	1	L76CD2	L76CD2	1
P34	A	1	A77CB	A77CB	1
P35	I	1	I79CD1	I79CD1	1
P36	T	1	T80CG2	T80CG2	1
P37	A	17	A52CB,A84CB,A134CB,A141CB,A146CB,A186CB,A206CB,A264CB,A269CB,A276CB,A301CB,A319CB,A324CB,A346CB,A350CB,A351CB,A360CB	A84CB	1
P38	L	1	L89CD1	L89CD1	1
P39	L	1	L89CD2	L89CD2	1
P40	T	1	T93CG2	T93CG2	1
P41	A	1	A96CB	A96CB	1
P42	V	1	V97CG1	V97CG1	1
P43	V	8	V35CG2,V97CG2,V181CG2,V240CG1,V240CG2,V261CG2,V293CG1,V357CG1	V97CG2	1
P44	L	2	L103CD1,L103CD2	L103CD1	1
P45	L	2	L103CD1,L103CD2	L103CD2	1
P46	I	1	I104CD1	I104CD1	1
P47	A	1	A105CB	A105CB	1
P48	I	1	I108CD1	I108CD1	1
P49	A	1	A109CB	A109CB	1
P50	V	1	V110CG1	V110CG1	1
P51	V	1	V110CG2	V110CG2	1
P52	A	1	A112CB	A112CB	1
P53	L	3	L113CD1,L113CD2,L247CD1	L113CD1	1
P54	L	2	L113CD1,L113CD2	L113CD2	1
P55	L	18	L43CD1,L43CD2,L113CD2,L115CD1,L135CD1,L135CD2,L147CD1,L192CD1,L192CD2,L195CD2,L247CD1,L262CD1,L262CD2,L280CD1,L290CD2,L311CD1,L311CD2,L361CD1	L115CD1	1
P56	L	1	L115CD2	L115CD2	1
P57	I	1	I116CD1	I116CD1	1
P58	L	2	L121CD1,L121CD2	L121CD1	1
P59	L	2	L121CD1,L121CD2	L121CD2	1
P60	L	1	L122CD1	L122CD1	1
P61	L	1	L122CD2	L122CD2	1
P62	T	1	T128CG2	T128CG2	1
P63	I	1	I132CD1	I132CD1	1
P64	A	17	A52CB,A84CB,A134CB,A141CB,A146CB,A186CB,A206CB,A264CB,A269CB,A276CB,A301CB,A319CB,A324CB,A346CB,A350CB,A351CB,A360CB	A134CB	1
P65	L	18	L43CD1,L43CD2,L113CD2,L115CD1,L135CD1,L135CD2,L147CD1,L192CD1,L192CD2,L195CD2,L247CD1,L262CD1,L262CD2,L280CD1,L290CD2,L311CD1,L311CD2,L361CD1	L135CD1	1
P66	L	18	L43CD1,L43CD2,L113CD2,L115CD1,L135CD1,L135CD2,L147CD1,L192CD1,L192CD2,L195CD2,L247CD1,L262CD1,L262CD2,L280CD1,L290CD2,L311CD1,L311CD2,L361CD1	L135CD2	1
P67	L	1	L139CD1	L139CD1	1
P68	L	1	L139CD2	L139CD2	1
P69	A	17	A52CB,A84CB,A134CB,A141CB,A146CB,A186CB,A206CB,A264CB,A269CB,A276CB,A301CB,A319CB,A324CB,A346CB,A350CB,A351CB,A360CB	A141CB	1
P70	A	17	A52CB,A84CB,A134CB,A141CB,A146CB,A186CB,A206CB,A264CB,A269CB,A276CB,A301CB,A319CB,A324CB,A346CB,A350CB,A351CB,A360CB	A146CB	1
P71	L	18	L43CD1,L43CD2,L113CD2,L115CD1,L135CD1,L135CD2,L147CD1,L192CD1,L192CD2,L195CD2,L247CD1,L262CD1,L262CD2,L280CD1,L290CD2,L311CD1,L311CD2,L361CD1	L147CD1	1
P72	L	1	L147CD2	L147CD2	1
P73	M	1	M148CE	M148CE	1
P74	L	1	L151CD1	L151CD1	1
P75	L	1	L151CD2	L151CD2	1
P76	T	1	T157CG2	T157CG2	1
P77	L	1	L160CD1	L160CD1	1
P78	L	1	L160CD2	L160CD2	1
P79	I	1	I161CD1	I161CD1	1
P80	A	1	A162CB	A162CB	1
P81	A	1	A163CB	A163CB	1
P82	A	1	A168CB	A168CB	1
P83	I	1	I178CD1	I178CD1	1
P84	V	1	V181CG1	V181CG1	1
P85	V	8	V35CG2,V97CG2,V181CG2,V240CG1,V240CG2,V261CG2,V293CG1,V357CG1	V181CG2	1
P86	V	1	V183CG1	V183CG1	1
P87	V	1	V183CG2	V183CG2	1
P88	A	17	A52CB,A84CB,A134CB,A141CB,A146CB,A186CB,A206CB,A264CB,A269CB,A276CB,A301CB,A319CB,A324CB,A346CB,A350CB,A351CB,A360CB	A186CB	1
P89	A	1	A188CB	A188CB	1
P90	A	1	A190CB	A190CB	1
P91	L	2	L192CD1,L192CD2	L192CD1	1
P92	L	18	L43CD1,L43CD2,L113CD2,L115CD1,L135CD1,L135CD2,L147CD1,L192CD1,L192CD2,L195CD2,L247CD1,L262CD1,L262CD2,L280CD1,L290CD2,L311CD1,L311CD2,L361CD1	L192CD2	1
P93	T	1	T193CG2	T193CG2	1
P94	L	1	L195CD1	L195CD1	1
P95	L	18	L43CD1,L43CD2,L113CD2,L115CD1,L135CD1,L135CD2,L147CD1,L192CD1,L192CD2,L195CD2,L247CD1,L262CD1,L262CD2,L280CD1,L290CD2,L311CD1,L311CD2,L361CD1	L195CD2	1
P96	V	1	V196CG1	V196CG1	1
P97	V	1	V196CG2	V196CG2	1
P98	L	1	L198CD1	L198CD1	1
P99	L	1	L198CD2	L198CD2	1
P100	I	1	I199CD1	I199CD1	1
P101	M	1	M204CE	M204CE	1
P102	A	17	A52CB,A84CB,A134CB,A141CB,A146CB,A186CB,A206CB,A264CB,A269CB,A276CB,A301CB,A319CB,A324CB,A346CB,A350CB,A351CB,A360CB	A206CB	1
P103	T	1	T208CG2	T208CG2	1
P104	I	2	I212CD1,I348CD1	I212CD1	1
P105	A	1	A213CB	A213CB	1
P106	A	1	A215CB	A215CB	1
P107	A	1	A216CB	A216CB	1
P108	T	1	T222CG2	T222CG2	1
P109	A	1	A223CB	A223CB	1
P110	M	1	M224CE	M224CE	1
P111	T	1	T225CG2	T225CG2	1
P112	I	1	I226CD1	I226CD1	1
P113	A	1	A231CB	A231CB	1
P114	I	1	I235CD1	I235CD1	1
P115	T	6	T36CG2,T53CG2,T237CG2,T345CG2,T356CG2,T366CG2	T237CG2	1
P116	V	2	V240CG1,V240CG2	V240CG1	1
P117	V	8	V35CG2,V97CG2,V181CG2,V240CG1,V240CG2,V261CG2,V293CG1,V357CG1	V240CG2	1
P118	V	2	V244CG1,V244CG2	V244CG1	1
P119	V	2	V244CG1,V244CG2	V244CG2	1
P120	T	1	T245CG2	T245CG2	1
P121	V	1	V246CG1	V246CG1	1
P122	V	1	V246CG2	V246CG2	1
P123	L	18	L43CD1,L43CD2,L113CD2,L115CD1,L135CD1,L135CD2,L147CD1,L192CD1,L192CD2,L195CD2,L247CD1,L262CD1,L262CD2,L280CD1,L290CD2,L311CD1,L311CD2,L361CD1	L247CD1	1
P124	L	1	L247CD2	L247CD2	1
P125	T	1	T249CG2	T249CG2	1
P126	V	1	V259CG1	V259CG1	1
P127	V	1	V259CG2	V259CG2	1
P128	V	1	V261CG1	V261CG1	1
P129	V	8	V35CG2,V97CG2,V181CG2,V240CG1,V240CG2,V261CG2,V293CG1,V357CG1	V261CG2	1
P130	L	2	L262CD1,L262CD2	L262CD1	1
P131	L	18	L43CD1,L43CD2,L113CD2,L115CD1,L135CD1,L135CD2,L147CD1,L192CD1,L192CD2,L195CD2,L247CD1,L262CD1,L262CD2,L280CD1,L290CD2,L311CD1,L311CD2,L361CD1	L262CD2	1
P132	A	17	A52CB,A84CB,A134CB,A141CB,A146CB,A186CB,A206CB,A264CB,A269CB,A276CB,A301CB,A319CB,A324CB,A346CB,A350CB,A351CB,A360CB	A264CB	1
P133	I	1	I266CD1	I266CD1	1
P134	A	1	A268CB	A268CB	1
P135	A	17	A52CB,A84CB,A134CB,A141CB,A146CB,A186CB,A206CB,A264CB,A269CB,A276CB,A301CB,A319CB,A324CB,A346CB,A350CB,A351CB,A360CB	A269CB	1
P136	L	1	L275CD1	L275CD1	1
P137	L	1	L275CD2	L275CD2	1
P138	A	17	A52CB,A84CB,A134CB,A141CB,A146CB,A186CB,A206CB,A264CB,A269CB,A276CB,A301CB,A319CB,A324CB,A346CB,A350CB,A351CB,A360CB	A276CB	1
P139	L	18	L43CD1,L43CD2,L113CD2,L115CD1,L135CD1,L135CD2,L147CD1,L192CD1,L192CD2,L195CD2,L247CD1,L262CD1,L262CD2,L280CD1,L290CD2,L311CD1,L311CD2,L361CD1	L280CD1	1
P140	L	1	L280CD2	L280CD2	1
P141	L	1	L284CD1	L284CD1	1
P142	L	1	L284CD2	L284CD2	1
P143	L	1	L285CD1	L285CD1	1
P144	L	1	L285CD2	L285CD2	1
P145	T	1	T286CG2	T286CG2	1
P146	L	1	L290CD1	L290CD1	1
P147	L	18	L43CD1,L43CD2,L113CD2,L115CD1,L135CD1,L135CD2,L147CD1,L192CD1,L192CD2,L195CD2,L247CD1,L262CD1,L262CD2,L280CD1,L290CD2,L311CD1,L311CD2,L361CD1	L290CD2	1
P148	A	1	A292CB	A292CB	1
P149	V	8	V35CG2,V97CG2,V181CG2,V240CG1,V240CG2,V261CG2,V293CG1,V357CG1	V293CG1	1
P150	V	1	V293CG2	V293CG2	1
P151	L	1	L299CD1	L299CD1	1
P152	L	1	L299CD2	L299CD2	1
P153	A	17	A52CB,A84CB,A134CB,A141CB,A146CB,A186CB,A206CB,A264CB,A269CB,A276CB,A301CB,A319CB,A324CB,A346CB,A350CB,A351CB,A360CB	A301CB	1
P154	V	1	V302CG1	V302CG1	1
P155	V	1	V302CG2	V302CG2	1
P156	A	1	A303CB	A303CB	1
P157	L	1	L304CD1	L304CD1	1
P158	L	1	L304CD2	L304CD2	1
P159	L	2	L311CD1,L311CD2	L311CD1	1
P160	L	18	L43CD1,L43CD2,L113CD2,L115CD1,L135CD1,L135CD2,L147CD1,L192CD1,L192CD2,L195CD2,L247CD1,L262CD1,L262CD2,L280CD1,L290CD2,L311CD1,L311CD2,L361CD1	L311CD2	1
P161	A	1	A312CB	A312CB	1
P162	I	1	I317CD1	I317CD1	1
P163	A	1	A318CB	A318CB	1
P164	A	17	A52CB,A84CB,A134CB,A141CB,A146CB,A186CB,A206CB,A264CB,A269CB,A276CB,A301CB,A319CB,A324CB,A346CB,A350CB,A351CB,A360CB	A319CB	1
P165	T	1	T320CG2	T320CG2	1
P166	M	1	M321CE	M321CE	1
P167	A	17	A52CB,A84CB,A134CB,A141CB,A146CB,A186CB,A206CB,A264CB,A269CB,A276CB,A301CB,A319CB,A324CB,A346CB,A350CB,A351CB,A360CB	A324CB	1
P168	I	1	I329CD1	I329CD1	1
P169	M	1	M330CE	M330CE	1
P170	I	1	I333CD1	I333CD1	1
P171	M	1	M336CE	M336CE	1
P172	A	1	A338CB	A338CB	1
P173	A	1	A342CB	A342CB	1
P174	V	1	V343CG1	V343CG1	1
P175	V	1	V343CG2	V343CG2	1
P176	T	6	T36CG2,T53CG2,T237CG2,T345CG2,T356CG2,T366CG2	T345CG2	1
P177	A	17	A52CB,A84CB,A134CB,A141CB,A146CB,A186CB,A206CB,A264CB,A269CB,A276CB,A301CB,A319CB,A324CB,A346CB,A350CB,A351CB,A360CB	A346CB	1
P178	V	1	V347CG1	V347CG1	1
P179	V	1	V347CG2	V347CG2	1
P180	I	2	I212CD1,I348CD1	I348CD1	1
P181	A	17	A52CB,A84CB,A134CB,A141CB,A146CB,A186CB,A206CB,A264CB,A269CB,A276CB,A301CB,A319CB,A324CB,A346CB,A350CB,A351CB,A360CB	A350CB	1
P182	A	17	A52CB,A84CB,A134CB,A141CB,A146CB,A186CB,A206CB,A264CB,A269CB,A276CB,A301CB,A319CB,A324CB,A346CB,A350CB,A351CB,A360CB	A351CB	1
P183	T	6	T36CG2,T53CG2,T237CG2,T345CG2,T356CG2,T366CG2	T356CG2	1
P184	V	8	V35CG2,V97CG2,V181CG2,V240CG1,V240CG2,V261CG2,V293CG1,V357CG1	V357CG1	1
P185	V	1	V357CG2	V357CG2	1
P186	A	2	A346CB,A360CB	A360CB	1
P187	L	18	L43CD1,L43CD2,L113CD2,L115CD1,L135CD1,L135CD2,L147CD1,L192CD1,L192CD2,L195CD2,L247CD1,L262CD1,L262CD2,L280CD1,L290CD2,L311CD1,L311CD2,L361CD1	L361CD1	1
P188	L	1	L361CD2	L361CD2	1
P189	A	1	A364CB	A364CB	1
P190	T	6	T36CG2,T53CG2,T237CG2,T345CG2,T356CG2,T366CG2	T366CG2	1
P191	I	1	I368CD1	I368CD1	1
P192	T	1	T369CG2	T369CG2	1
