label	C1	C2	H2	intensity
X1	24.560	25.390	0.340	4581.2
X2	25.390	24.560	0.560	4581.2
X3	14.890	25.390	0.340	34.0
X4	25.390	14.890	0.340	34.0
X5	19.940	25.390	0.340	7.3
X6	25.390	19.940	0.500	7.3
X7	10.490	25.390	0.340	12.9
X8	25.390	10.490	0.590	12.9
X9	21.020	25.390	0.340	57.5
X10	25.390	21.020	0.360	57.5
X11	22.740	25.390	0.340	157.8
X12	25.390	22.740	0.790	157.8
X13	14.200	25.390	0.340	6.3
X14	25.390	14.200	0.770	6.3
X15	25.710	25.390	0.340	41.1
X16	25.390	25.710	0.960	41.1
X17	22.950	25.390	0.340	18.3
X18	25.390	22.950	0.980	18.3
X19	18.220	25.390	0.340	50.3
X20	25.390	18.220	1.320	50.3
X21	23.760	25.390	0.340	4.1
X22	25.390	23.760	0.740	4.1
X23	21.460	24.560	0.560	6.6
X24	24.560	21.460	0.930	6.6
X25	14.890	24.560	0.560	12.4
X26	24.560	14.890	0.340	12.4
X27	10.490	24.560	0.560	6.6
X28	24.560	10.490	0.590	6.6
X29	21.020	24.560	0.560	14.1
X30	24.560	21.020	0.360	14.1
X31	22.740	24.560	0.560	19.2
X32	24.560	22.740	0.790	19.2
X33	14.200	24.560	0.560	5.1
X34	24.560	14.200	0.770	5.1
X35	25.710	24.560	0.560	105.3
X36	24.560	25.710	0.960	105.3
X37	22.950	24.560	0.560	21.4
X38	24.560	22.950	0.980	21.4
X39	18.220	24.560	0.560	162.1
X40	24.560	18.220	1.320	162.1
X41	21.460	21.180	0.890	4237.3
X42	21.180	21.460	0.930	4237.3
X43	14.890	21.180	0.890	4.2
X44	21.180	14.890	0.340	4.2
X45	21.020	21.180	0.890	4.1
X46	21.180	21.020	0.360	4.1
X47	21.920	21.180	0.890	65.0
X48	21.180	21.920	1.250	65.0
X49	14.890	21.460	0.930	4.1
X50	21.460	14.890	0.340	4.1
X51	21.020	21.460	0.930	8.0
X52	21.460	21.020	0.360	8.0
X53	21.920	21.460	0.930	72.5
X54	21.460	21.920	1.250	72.5
X55	25.100	14.890	0.340	79.0
X56	14.890	25.100	0.880	79.0
X57	27.220	14.890	0.340	94.2
X58	14.890	27.220	0.640	94.2
X59	22.620	14.890	0.340	4.5
X60	14.890	22.620	0.830	4.5
X61	21.020	14.890	0.340	701.1
X62	14.890	21.020	0.360	701.1
X63	22.740	14.890	0.340	40.8
X64	14.890	22.740	0.790	40.8
X65	23.160	14.890	0.340	15.2
X66	14.890	23.160	0.970	15.2
X67	20.970	14.890	0.340	116.5
X68	14.890	20.970	0.780	116.5
X69	14.200	14.890	0.340	58.8
X70	14.890	14.200	0.770	58.8
X71	26.060	14.890	0.340	4.5
X72	14.890	26.060	0.690	4.5
X73	23.760	14.890	0.340	13.1
X74	14.890	23.760	0.740	13.1
X75	27.680	14.890	0.340	6.8
X76	14.890	27.680	1.060	6.8
X77	25.100	13.560	0.130	27.9
X78	13.560	25.100	0.880	27.9
X79	27.220	13.560	0.130	235.6
X80	13.560	27.220	0.640	235.6
X81	23.160	13.560	0.130	12.0
X82	13.560	23.160	0.970	12.0
X83	20.970	13.560	0.130	4.8
X84	13.560	20.970	0.780	4.8
X85	26.870	13.560	0.130	5.1
X86	13.560	26.870	1.130	5.1
X87	22.930	13.560	0.130	42.3
X88	13.560	22.930	0.810	42.3
X89	25.530	13.560	0.130	54.0
X90	13.560	25.530	0.890	54.0
X91	24.230	13.560	0.130	4.5
X92	13.560	24.230	0.860	4.5
X93	27.680	13.560	0.130	5.5
X94	13.560	27.680	1.060	5.5
X95	21.690	13.560	0.130	27.5
X96	13.560	21.690	1.010	27.5
X97	22.560	13.560	0.130	10.6
X98	13.560	22.560	0.900	10.6
X99	23.300	13.560	0.130	13.1
X100	13.560	23.300	0.830	13.1
X101	27.220	25.100	0.880	4321.2
X102	25.100	27.220	0.640	4321.2
X103	17.770	25.100	0.880	7.2
X104	25.100	17.770	1.680	7.2
X105	22.620	25.100	0.880	40.5
X106	25.100	22.620	0.830	40.5
X107	23.760	25.100	0.880	43.7
X108	25.100	23.760	1.270	43.7
X109	21.020	25.100	0.880	10.2
X110	25.100	21.020	0.360	10.2
X111	23.160	25.100	0.880	15.7
X112	25.100	23.160	0.970	15.7
X113	20.970	25.100	0.880	43.1
X114	25.100	20.970	0.780	43.1
X115	14.200	25.100	0.880	10.6
X116	25.100	14.200	0.770	10.6
X117	23.760	25.100	0.880	12.4
X118	25.100	23.760	0.740	12.4
X119	24.230	25.100	0.880	307.9
X120	25.100	24.230	0.860	307.9
X121	27.680	25.100	0.880	132.3
X122	25.100	27.680	1.060	132.3
X123	18.000	25.100	0.880	3.9
X124	25.100	18.000	1.470	3.9
X125	21.690	25.100	0.880	22.1
X126	25.100	21.690	1.010	22.1
X127	22.560	25.100	0.880	122.2
X128	25.100	22.560	0.900	122.2
X129	17.770	27.220	0.640	7.9
X130	27.220	17.770	1.680	7.9
X131	22.620	27.220	0.640	4.5
X132	27.220	22.620	0.830	4.5
X133	23.760	27.220	0.640	5.7
X134	27.220	23.760	1.270	5.7
X135	21.020	27.220	0.640	8.4
X136	27.220	21.020	0.360	8.4
X137	23.160	27.220	0.640	106.6
X138	27.220	23.160	0.970	106.6
X139	20.970	27.220	0.640	137.3
X140	27.220	20.970	0.780	137.3
X141	14.200	27.220	0.640	11.7
X142	27.220	14.200	0.770	11.7
X143	21.260	27.220	0.640	4.5
X144	27.220	21.260	0.550	4.5
X145	24.230	27.220	0.640	21.6
X146	27.220	24.230	0.860	21.6
X147	27.680	27.220	0.640	21.2
X148	27.220	27.680	1.060	21.2
X149	21.690	27.220	0.640	13.3
X150	27.220	21.690	1.010	13.3
X151	22.560	27.220	0.640	23.5
X152	27.220	22.560	0.900	23.5
X153	23.760	17.770	1.680	5.5
X154	17.770	23.760	1.270	5.5
X155	21.020	17.770	1.680	6.7
X156	17.770	21.020	0.360	6.7
X157	23.160	17.770	1.680	81.1
X158	17.770	23.160	0.970	81.1
X159	20.970	17.770	1.680	166.1
X160	17.770	20.970	0.780	166.1
X161	23.760	22.620	0.830	2934.3
X162	22.620	23.760	1.270	2934.3
X163	21.020	22.620	0.830	4.0
X164	22.620	21.020	0.360	4.0
X165	22.740	22.620	0.830	4.3
X166	22.620	22.740	0.790	4.3
X167	24.230	22.620	0.830	100.1
X168	22.620	24.230	0.860	100.1
X169	27.680	22.620	0.830	15.2
X170	22.620	27.680	1.060	15.2
X171	18.000	22.620	0.830	23.0
X172	22.620	18.000	1.470	23.0
X173	22.560	22.620	0.830	19.2
X174	22.620	22.560	0.900	19.2
X175	24.230	23.760	1.270	82.0
X176	23.760	24.230	0.860	82.0
X177	27.680	23.760	1.270	8.0
X178	23.760	27.680	1.060	8.0
X179	18.000	23.760	1.270	536.2
X180	23.760	18.000	1.470	536.2
X181	21.690	23.760	1.270	9.6
X182	23.760	21.690	1.010	9.6
X183	22.560	23.760	1.270	125.2
X184	23.760	22.560	0.900	125.2
X185	10.490	19.940	0.500	1407.0
X186	19.940	10.490	0.590	1407.0
X187	22.740	19.940	0.500	15.4
X188	19.940	22.740	0.790	15.4
X189	25.710	19.940	0.500	8.7
X190	19.940	25.710	0.960	8.7
X191	22.950	19.940	0.500	10.5
X192	19.940	22.950	0.980	10.5
X193	22.740	10.490	0.590	6.7
X194	10.490	22.740	0.790	6.7
X195	25.710	10.490	0.590	151.4
X196	10.490	25.710	0.960	151.4
X197	22.950	10.490	0.590	206.0
X198	10.490	22.950	0.980	206.0
X199	22.740	21.020	0.360	3246.8
X200	21.020	22.740	0.790	3246.8
X201	21.920	21.020	0.360	9.1
X202	21.020	21.920	1.250	9.1
X203	23.160	21.020	0.360	8.8
X204	21.020	23.160	0.970	8.8
X205	20.970	21.020	0.360	112.4
X206	21.020	20.970	0.780	112.4
X207	20.970	22.740	0.790	9.2
X208	22.740	20.970	0.780	9.2
X209	23.160	21.920	1.250	9.2
X210	21.920	23.160	0.970	9.2
X211	20.970	21.920	1.250	14.4
X212	21.920	20.970	0.780	14.4
X213	20.970	23.160	0.970	4018.4
X214	23.160	20.970	0.780	4018.4
X215	26.870	26.900	1.120	4602.7
X216	26.900	26.870	1.130	4602.7
X217	15.140	26.900	1.120	1040.2
X218	26.900	15.140	0.440	1040.2
X219	15.140	26.870	1.130	59.3
X220	26.870	15.140	0.440	59.3
X221	19.940	21.400	0.970	3745.4
X222	21.400	19.940	0.860	3745.4
X223	18.140	21.400	0.970	11.7
X224	21.400	18.140	0.570	11.7
X225	18.560	21.400	0.970	4.4
X226	21.400	18.560	1.350	4.4
X227	21.650	21.400	0.970	20.8
X228	21.400	21.650	1.160	20.8
X229	18.140	19.940	0.860	112.4
X230	19.940	18.140	0.570	112.4
X231	18.560	19.940	0.860	6.9
X232	19.940	18.560	1.350	6.9
X233	21.650	19.940	0.860	16.2
X234	19.940	21.650	1.160	16.2
X235	15.140	19.940	0.860	3.9
X236	19.940	15.140	0.440	3.9
X237	18.560	18.140	0.570	42.7
X238	18.140	18.560	1.350	42.7
X239	21.650	18.140	0.570	6.1
X240	18.140	21.650	1.160	6.1
X241	26.000	18.140	0.570	122.1
X242	18.140	26.000	0.650	122.1
X243	20.940	18.140	0.570	264.8
X244	18.140	20.940	0.530	264.8
X245	22.090	18.140	0.570	6.2
X246	18.140	22.090	0.510	6.2
X247	18.230	18.140	0.570	5.3
X248	18.140	18.230	1.220	5.3
X249	18.930	18.140	0.570	22.0
X250	18.140	18.930	1.300	22.0
X251	21.650	18.560	1.350	46.9
X252	18.560	21.650	1.160	46.9
X253	26.000	18.560	1.350	54.8
X254	18.560	26.000	0.650	54.8
X255	20.940	18.560	1.350	163.0
X256	18.560	20.940	0.530	163.0
X257	10.260	14.200	0.770	10.6
X258	14.200	10.260	0.670	10.6
X259	21.260	14.200	0.770	564.8
X260	14.200	21.260	0.550	564.8
X261	14.270	14.200	0.770	13.1
X262	14.200	14.270	0.950	13.1
X263	18.220	14.200	0.770	19.2
X264	14.200	18.220	1.320	19.2
X265	26.060	14.200	0.770	530.0
X266	14.200	26.060	0.690	530.0
X267	23.760	14.200	0.770	922.0
X268	14.200	23.760	0.740	922.0
X269	27.680	14.200	0.770	22.5
X270	14.200	27.680	1.060	22.5
X271	22.090	15.140	0.440	4.6
X272	15.140	22.090	0.510	4.6
X273	20.580	19.210	1.120	5.6
X274	19.210	20.580	0.710	5.6
X275	21.340	19.210	1.120	5.5
X276	19.210	21.340	0.560	5.5
X277	22.930	19.210	1.120	19.4
X278	19.210	22.930	0.810	19.4
X279	17.420	19.210	1.120	194.7
X280	19.210	17.420	2.090	194.7
X281	27.410	18.320	1.280	120.5
X282	18.320	27.410	0.850	120.5
X283	22.090	18.320	1.280	11.2
X284	18.320	22.090	0.510	11.2
X285	15.030	18.320	1.280	229.0
X286	18.320	15.030	0.880	229.0
X287	20.940	26.000	0.650	4070.6
X288	26.000	20.940	0.530	4070.6
X289	27.410	26.000	0.650	6.2
X290	26.000	27.410	0.850	6.2
X291	22.090	26.000	0.650	9.0
X292	26.000	22.090	0.510	9.0
X293	22.090	20.940	0.530	5.3
X294	20.940	22.090	0.510	5.3
X295	18.230	20.940	0.530	12.9
X296	20.940	18.230	1.220	12.9
X297	18.930	20.940	0.530	7.5
X298	20.940	18.930	1.300	7.5
X299	22.090	27.410	0.850	3760.4
X300	27.410	22.090	0.510	3760.4
X301	19.360	27.410	0.850	4.3
X302	27.410	19.360	1.190	4.3
X303	15.030	27.410	0.850	115.7
X304	27.410	15.030	0.880	115.7
X305	22.410	27.410	0.850	29.2
X306	27.410	22.410	1.450	29.2
X307	18.230	27.410	0.850	4.1
X308	27.410	18.230	1.220	4.1
X309	19.360	22.090	0.510	9.4
X310	22.090	19.360	1.190	9.4
X311	15.030	22.090	0.510	9.0
X312	22.090	15.030	0.880	9.0
X313	22.410	22.090	0.510	14.4
X314	22.090	22.410	1.450	14.4
X315	18.230	22.090	0.510	11.7
X316	22.090	18.230	1.220	11.7
X317	14.270	19.360	1.190	29.1
X318	19.360	14.270	0.950	29.1
X319	18.230	19.360	1.190	72.0
X320	19.360	18.230	1.220	72.0
X321	20.970	12.800	0.170	5.5
X322	12.800	20.970	0.990	5.5
X323	22.520	12.800	0.170	5.4
X324	12.800	22.520	0.590	5.4
X325	19.790	12.800	0.170	25.1
X326	12.800	19.790	1.360	25.1
X327	25.150	12.800	0.170	70.3
X328	12.800	25.150	0.540	70.3
X329	24.630	12.800	0.170	24.8
X330	12.800	24.630	1.010	24.8
X331	22.410	12.800	0.170	28.3
X332	12.800	22.410	1.450	28.3
X333	14.270	12.800	0.170	9.4
X334	12.800	14.270	0.950	9.4
X335	26.060	12.800	0.170	5.6
X336	12.800	26.060	0.690	5.6
X337	26.020	12.800	0.170	5.2
X338	12.800	26.020	1.070	5.2
X339	25.150	20.970	0.990	7.3
X340	20.970	25.150	0.540	7.3
X341	25.690	26.430	0.570	4773.1
X342	26.430	25.690	0.520	4773.1
X343	23.120	26.430	0.570	17.3
X344	26.430	23.120	0.230	17.3
X345	19.790	26.430	0.570	6.4
X346	26.430	19.790	1.360	6.4
X347	10.260	26.430	0.570	7.5
X348	26.430	10.260	0.670	7.5
X349	20.580	26.430	0.570	4.9
X350	26.430	20.580	0.710	4.9
X351	26.020	26.430	0.570	65.4
X352	26.430	26.020	1.070	65.4
X353	24.390	26.430	0.570	57.3
X354	26.430	24.390	1.140	57.3
X355	19.920	26.430	0.570	253.8
X356	26.430	19.920	1.010	253.8
X357	24.590	26.430	0.570	27.3
X358	26.430	24.590	0.870	27.3
X359	26.800	26.430	0.570	4.6
X360	26.430	26.800	0.720	4.6
X361	23.120	25.690	0.520	5.9
X362	25.690	23.120	0.230	5.9
X363	26.020	25.690	0.520	38.8
X364	25.690	26.020	1.070	38.8
X365	24.390	25.690	0.520	71.9
X366	25.690	24.390	1.140	71.9
X367	28.240	25.690	0.520	8.9
X368	25.690	28.240	1.100	8.9
X369	19.230	25.690	0.520	4.0
X370	25.690	19.230	1.260	4.0
X371	19.920	25.690	0.520	101.6
X372	25.690	19.920	1.010	101.6
X373	24.590	25.690	0.520	561.6
X374	25.690	24.590	0.870	561.6
X375	26.800	25.690	0.520	27.4
X376	25.690	26.800	0.720	27.4
X377	18.250	23.120	0.230	15.9
X378	23.120	18.250	0.770	15.9
X379	21.480	23.120	0.230	19.0
X380	23.120	21.480	0.760	19.0
X381	21.090	23.120	0.230	293.9
X382	23.120	21.090	0.510	293.9
X383	20.580	23.120	0.230	73.4
X384	23.120	20.580	0.710	73.4
X385	21.340	23.120	0.230	70.0
X386	23.120	21.340	0.560	70.0
X387	19.730	23.120	0.230	3.9
X388	23.120	19.730	1.380	3.9
X389	19.920	23.120	0.230	344.5
X390	23.120	19.920	1.010	344.5
X391	12.760	23.120	0.230	9.0
X392	23.120	12.760	0.850	9.0
X393	22.520	18.250	0.770	118.4
X394	18.250	22.520	0.590	118.4
X395	19.790	18.250	0.770	40.3
X396	18.250	19.790	1.360	40.3
X397	21.090	18.250	0.770	5.1
X398	18.250	21.090	0.510	5.1
X399	20.580	18.250	0.770	117.2
X400	18.250	20.580	0.710	117.2
X401	21.340	18.250	0.770	477.1
X402	18.250	21.340	0.560	477.1
X403	12.760	18.250	0.770	259.5
X404	18.250	12.760	0.850	259.5
X405	19.790	22.520	0.590	4148.9
X406	22.520	19.790	1.360	4148.9
X407	24.630	22.520	0.590	9.4
X408	22.520	24.630	1.010	9.4
X409	15.030	22.520	0.590	19.0
X410	22.520	15.030	0.880	19.0
X411	22.410	22.520	0.590	175.9
X412	22.520	22.410	1.450	175.9
X413	20.580	22.520	0.590	73.2
X414	22.520	20.580	0.710	73.2
X415	21.340	22.520	0.590	19.7
X416	22.520	21.340	0.560	19.7
X417	25.150	19.790	1.360	17.2
X418	19.790	25.150	0.540	17.2
X419	24.630	19.790	1.360	107.2
X420	19.790	24.630	1.010	107.2
X421	15.030	19.790	1.360	11.5
X422	19.790	15.030	0.880	11.5
X423	22.410	19.790	1.360	82.3
X424	19.790	22.410	1.450	82.3
X425	20.580	19.790	1.360	17.5
X426	19.790	20.580	0.710	17.5
X427	21.340	19.790	1.360	6.0
X428	19.790	21.340	0.560	6.0
X429	24.630	25.150	0.540	4150.0
X430	25.150	24.630	1.010	4150.0
X431	15.030	24.630	1.010	3.8
X432	24.630	15.030	0.880	3.8
X433	22.410	15.030	0.880	34.4
X434	15.030	22.410	1.450	34.4
X435	21.260	22.410	1.450	21.2
X436	22.410	21.260	0.550	21.2
X437	26.060	22.410	1.450	4.7
X438	22.410	26.060	0.690	4.7
X439	22.930	10.260	0.670	7.1
X440	10.260	22.930	0.810	7.1
X441	25.530	10.260	0.670	15.7
X442	10.260	25.530	0.890	15.7
X443	21.260	10.260	0.670	152.7
X444	10.260	21.260	0.550	152.7
X445	26.060	10.260	0.670	15.4
X446	10.260	26.060	0.690	15.4
X447	23.760	10.260	0.670	68.9
X448	10.260	23.760	0.740	68.9
X449	24.230	10.260	0.670	22.4
X450	10.260	24.230	0.860	22.4
X451	27.680	10.260	0.670	270.3
X452	10.260	27.680	1.060	270.3
X453	26.020	10.260	0.670	184.6
X454	10.260	26.020	1.070	184.6
X455	24.390	10.260	0.670	246.5
X456	10.260	24.390	1.140	246.5
X457	28.240	10.260	0.670	7.9
X458	10.260	28.240	1.100	7.9
X459	22.100	10.260	0.670	27.6
X460	10.260	22.100	0.810	27.6
X461	27.120	10.260	0.670	5.4
X462	10.260	27.120	0.930	5.4
X463	23.300	10.260	0.670	5.9
X464	10.260	23.300	0.830	5.9
X465	21.480	23.580	1.550	9.8
X466	23.580	21.480	0.760	9.8
X467	21.090	23.580	1.550	29.6
X468	23.580	21.090	0.510	29.6
X469	20.580	23.580	1.550	11.1
X470	23.580	20.580	0.710	11.1
X471	22.930	23.580	1.550	11.8
X472	23.580	22.930	0.810	11.8
X473	25.530	23.580	1.550	81.5
X474	23.580	25.530	0.890	81.5
X475	22.100	23.580	1.550	11.2
X476	23.580	22.100	0.810	11.2
X477	27.120	23.580	1.550	92.6
X478	23.580	27.120	0.930	92.6
X479	23.300	23.580	1.550	130.0
X480	23.580	23.300	0.830	130.0
X481	19.730	23.580	1.550	13.6
X482	23.580	19.730	1.380	13.6
X483	22.620	23.580	1.550	101.4
X484	23.580	22.620	1.070	101.4
X485	19.230	23.580	1.550	14.0
X486	23.580	19.230	1.260	14.0
X487	19.920	23.580	1.550	15.4
X488	23.580	19.920	1.010	15.4
X489	22.810	23.580	1.550	5.7
X490	23.580	22.810	0.790	5.7
X491	21.090	21.480	0.760	3263.5
X492	21.480	21.090	0.510	3263.5
X493	22.560	21.480	0.760	22.2
X494	21.480	22.560	1.370	22.2
X495	21.980	21.480	0.760	385.0
X496	21.480	21.980	0.950	385.0
X497	23.040	21.480	0.760	24.8
X498	21.480	23.040	1.030	24.8
X499	20.580	21.480	0.760	12.5
X500	21.480	20.580	0.710	12.5
X501	21.340	21.480	0.760	42.9
X502	21.480	21.340	0.560	42.9
X503	19.730	21.480	0.760	83.2
X504	21.480	19.730	1.380	83.2
X505	20.680	21.480	0.760	22.8
X506	21.480	20.680	1.390	22.8
X507	18.120	21.480	0.760	91.2
X508	21.480	18.120	1.300	91.2
X509	12.760	21.480	0.760	14.7
X510	21.480	12.760	0.850	14.7
X511	21.980	21.090	0.510	27.1
X512	21.090	21.980	0.950	27.1
X513	20.580	21.090	0.510	66.5
X514	21.090	20.580	0.710	66.5
X515	21.340	21.090	0.510	119.1
X516	21.090	21.340	0.560	119.1
X517	19.730	21.090	0.510	64.8
X518	21.090	19.730	1.380	64.8
X519	19.920	21.090	0.510	43.9
X520	21.090	19.920	1.010	43.9
X521	20.680	21.090	0.510	4.5
X522	21.090	20.680	1.390	4.5
X523	18.120	21.090	0.510	7.5
X524	21.090	18.120	1.300	7.5
X525	12.760	21.090	0.510	11.6
X526	21.090	12.760	0.850	11.6
X527	27.120	22.560	1.370	7.0
X528	22.560	27.120	0.730	7.0
X529	23.960	22.560	1.370	7.5
X530	22.560	23.960	0.880	7.5
X531	26.180	22.560	1.370	8.7
X532	22.560	26.180	0.670	8.7
X533	21.980	22.560	1.370	71.2
X534	22.560	21.980	0.950	71.2
X535	23.040	22.560	1.370	159.9
X536	22.560	23.040	1.030	159.9
X537	19.730	22.560	1.370	3.9
X538	22.560	19.730	1.380	3.9
X539	20.680	22.560	1.370	139.4
X540	22.560	20.680	1.390	139.4
X541	18.120	22.560	1.370	351.9
X542	22.560	18.120	1.300	351.9
X543	23.960	27.120	0.730	3858.2
X544	27.120	23.960	0.880	3858.2
X545	12.160	27.120	0.730	11.3
X546	27.120	12.160	0.070	11.3
X547	26.180	27.120	0.730	24.1
X548	27.120	26.180	0.670	24.1
X549	24.250	27.120	0.730	14.3
X550	27.120	24.250	0.660	14.3
X551	14.100	23.960	0.880	5.4
X552	23.960	14.100	0.470	5.4
X553	12.160	23.960	0.880	6.3
X554	23.960	12.160	0.070	6.3
X555	26.180	23.960	0.880	8.3
X556	23.960	26.180	0.670	8.3
X557	24.250	23.960	0.880	8.3
X558	23.960	24.250	0.660	8.3
X559	24.920	23.020	0.700	3483.5
X560	23.020	24.920	0.590	3483.5
X561	27.170	23.020	0.700	13.4
X562	23.020	27.170	0.960	13.4
X563	12.830	23.020	0.700	11.2
X564	23.020	12.830	0.590	11.2
X565	22.820	23.020	0.700	8.4
X566	23.020	22.820	0.700	8.4
X567	27.910	23.020	0.700	4.0
X568	23.020	27.910	0.960	4.0
X569	17.200	23.020	0.700	28.2
X570	23.020	17.200	1.840	28.2
X571	12.160	23.020	0.700	6.1
X572	23.020	12.160	0.070	6.1
X573	19.000	23.020	0.700	310.5
X574	23.020	19.000	1.120	310.5
X575	24.250	23.020	0.700	18.1
X576	23.020	24.250	0.660	18.1
X577	14.100	24.920	0.590	4.5
X578	24.920	14.100	0.470	4.5
X579	27.170	24.920	0.590	8.1
X580	24.920	27.170	0.960	8.1
X581	12.830	24.920	0.590	18.6
X582	24.920	12.830	0.590	18.6
X583	22.820	24.920	0.590	89.9
X584	24.920	22.820	0.700	89.9
X585	27.910	24.920	0.590	21.4
X586	24.920	27.910	0.960	21.4
X587	17.200	24.920	0.590	51.6
X588	24.920	17.200	1.840	51.6
X589	17.650	24.920	0.590	7.6
X590	24.920	17.650	0.190	7.6
X591	12.160	24.920	0.590	49.4
X592	24.920	12.160	0.070	49.4
X593	19.000	24.920	0.590	27.1
X594	24.920	19.000	1.120	27.1
X595	26.180	24.920	0.590	4.6
X596	24.920	26.180	0.670	4.6
X597	24.250	24.920	0.590	47.5
X598	24.920	24.250	0.660	47.5
X599	17.650	14.100	0.470	139.8
X600	14.100	17.650	0.190	139.8
X601	19.320	14.100	0.470	68.9
X602	14.100	19.320	1.360	68.9
X603	14.180	14.100	0.470	200.6
X604	14.100	14.180	0.330	200.6
X605	22.260	14.100	0.470	32.3
X606	14.100	22.260	1.080	32.3
X607	21.750	14.100	0.470	60.5
X608	14.100	21.750	0.610	60.5
X609	23.080	25.050	0.680	3773.4
X610	25.050	23.080	0.790	3773.4
X611	25.890	25.050	0.680	6.6
X612	25.050	25.890	0.940	6.6
X613	27.170	25.050	0.680	5.6
X614	25.050	27.170	0.960	5.6
X615	26.250	25.050	0.680	21.0
X616	25.050	26.250	0.800	21.0
X617	23.330	25.050	0.680	64.7
X618	25.050	23.330	0.860	64.7
X619	19.550	25.050	0.680	8.8
X620	25.050	19.550	1.150	8.8
X621	20.880	25.050	0.680	212.3
X622	25.050	20.880	1.730	212.3
X623	25.890	23.080	0.790	6.0
X624	23.080	25.890	0.940	6.0
X625	26.250	23.080	0.790	13.3
X626	23.080	26.250	0.800	13.3
X627	23.330	23.080	0.790	92.2
X628	23.080	23.330	0.860	92.2
X629	20.880	23.080	0.790	30.2
X630	23.080	20.880	1.730	30.2
X631	27.170	25.890	0.940	4239.7
X632	25.890	27.170	0.960	4239.7
X633	24.370	25.890	0.940	244.1
X634	25.890	24.370	0.900	244.1
X635	24.430	25.890	0.940	153.2
X636	25.890	24.430	0.910	153.2
X637	26.250	25.890	0.940	150.4
X638	25.890	26.250	0.800	150.4
X639	23.330	25.890	0.940	37.5
X640	25.890	23.330	0.860	37.5
X641	18.310	25.890	0.940	11.2
X642	25.890	18.310	1.320	11.2
X643	20.880	25.890	0.940	126.7
X644	25.890	20.880	1.730	126.7
X645	17.200	25.890	0.940	30.7
X646	25.890	17.200	1.840	30.7
X647	24.370	27.170	0.960	28.3
X648	27.170	24.370	0.900	28.3
X649	24.430	27.170	0.960	56.8
X650	27.170	24.430	0.910	56.8
X651	26.250	27.170	0.960	34.3
X652	27.170	26.250	0.800	34.3
X653	23.330	27.170	0.960	8.4
X654	27.170	23.330	0.860	8.4
X655	18.310	27.170	0.960	12.3
X656	27.170	18.310	1.320	12.3
X657	20.880	27.170	0.960	270.0
X658	27.170	20.880	1.730	270.0
X659	17.200	27.170	0.960	192.6
X660	27.170	17.200	1.840	192.6
X661	12.830	21.470	1.040	8.1
X662	21.470	12.830	0.590	8.1
X663	21.150	21.470	1.040	4.4
X664	21.470	21.150	1.050	4.4
X665	24.430	12.830	0.590	11.3
X666	12.830	24.430	0.910	11.3
X667	18.310	12.830	0.590	15.0
X668	12.830	18.310	1.320	15.0
X669	22.820	12.830	0.590	30.3
X670	12.830	22.820	0.700	30.3
X671	27.910	12.830	0.590	167.4
X672	12.830	27.910	0.960	167.4
X673	25.920	12.830	0.590	15.3
X674	12.830	25.920	1.030	15.3
X675	23.690	12.830	0.590	11.9
X676	12.830	23.690	0.830	11.9
X677	17.200	12.830	0.590	146.3
X678	12.830	17.200	1.840	146.3
X679	12.160	12.830	0.590	7.7
X680	12.830	12.160	0.070	7.7
X681	24.370	18.240	1.470	13.5
X682	18.240	24.370	0.900	13.5
X683	24.430	18.240	1.470	11.5
X684	18.240	24.430	0.910	11.5
X685	24.430	24.370	0.900	4172.7
X686	24.370	24.430	0.910	4172.7
X687	26.250	24.370	0.900	205.5
X688	24.370	26.250	0.800	205.5
X689	23.330	24.370	0.900	28.0
X690	24.370	23.330	0.860	28.0
X691	18.310	24.370	0.900	30.2
X692	24.370	18.310	1.320	30.2
X693	20.880	24.370	0.900	9.2
X694	24.370	20.880	1.730	9.2
X695	17.200	24.370	0.900	14.3
X696	24.370	17.200	1.840	14.3
X697	26.250	24.430	0.910	29.8
X698	24.430	26.250	0.800	29.8
X699	23.330	24.430	0.910	4.8
X700	24.430	23.330	0.860	4.8
X701	18.310	24.430	0.910	27.1
X702	24.430	18.310	1.320	27.1
X703	20.880	24.430	0.910	6.3
X704	24.430	20.880	1.730	6.3
X705	17.200	24.430	0.910	56.9
X706	24.430	17.200	1.840	56.9
X707	23.330	26.250	0.800	4464.2
X708	26.250	23.330	0.860	4464.2
X709	18.310	26.250	0.800	170.4
X710	26.250	18.310	1.320	170.4
X711	20.880	26.250	0.800	231.8
X712	26.250	20.880	1.730	231.8
X713	17.200	26.250	0.800	17.2
X714	26.250	17.200	1.840	17.2
X715	18.310	23.330	0.860	13.0
X716	23.330	18.310	1.320	13.0
X717	20.880	23.330	0.860	71.9
X718	23.330	20.880	1.730	71.9
X719	22.820	18.310	1.320	11.4
X720	18.310	22.820	0.700	11.4
X721	27.910	18.310	1.320	15.3
X722	18.310	27.910	0.960	15.3
X723	23.690	18.310	1.320	4.4
X724	18.310	23.690	0.830	4.4
X725	20.880	18.310	1.320	31.5
X726	18.310	20.880	1.730	31.5
X727	17.200	18.310	1.320	179.4
X728	18.310	17.200	1.840	179.4
X729	27.910	22.820	0.700	4828.0
X730	22.820	27.910	0.960	4828.0
X731	25.920	22.820	0.700	5.3
X732	22.820	25.920	1.030	5.3
X733	17.080	22.820	0.700	49.4
X734	22.820	17.080	2.050	49.4
X735	19.550	22.820	0.700	10.0
X736	22.820	19.550	1.150	10.0
X737	17.200	22.820	0.700	72.0
X738	22.820	17.200	1.840	72.0
X739	17.650	22.820	0.700	12.1
X740	22.820	17.650	0.190	12.1
X741	12.160	22.820	0.700	115.0
X742	22.820	12.160	0.070	115.0
X743	24.250	22.820	0.700	4.2
X744	22.820	24.250	0.660	4.2
X745	23.810	27.910	0.960	4.8
X746	27.910	23.810	0.120	4.8
X747	24.050	27.910	0.960	7.8
X748	27.910	24.050	0.910	7.8
X749	25.920	27.910	0.960	49.2
X750	27.910	25.920	1.030	49.2
X751	23.690	27.910	0.960	12.3
X752	27.910	23.690	0.830	12.3
X753	17.080	27.910	0.960	151.9
X754	27.910	17.080	2.050	151.9
X755	17.200	27.910	0.960	46.9
X756	27.910	17.200	1.840	46.9
X757	12.160	27.910	0.960	78.5
X758	27.910	12.160	0.070	78.5
X759	17.080	17.590	2.020	5.1
X760	17.590	17.080	2.050	5.1
X761	23.810	17.590	2.020	52.5
X762	17.590	23.810	1.210	52.5
X763	13.500	17.590	2.020	4.3
X764	17.590	13.500	0.890	4.3
X765	17.460	17.590	2.020	23.8
X766	17.590	17.460	1.130	23.8
X767	18.160	17.590	2.020	4.4
X768	17.590	18.160	1.430	4.4
X769	20.250	17.590	2.020	1123.6
X770	17.590	20.250	1.520	1123.6
X771	19.550	17.590	2.020	79.3
X772	17.590	19.550	1.150	79.3
X773	23.810	26.550	0.770	4412.6
X774	26.550	23.810	0.120	4412.6
X775	24.460	26.550	0.770	20.4
X776	26.550	24.460	1.430	20.4
X777	24.050	26.550	0.770	51.5
X778	26.550	24.050	0.910	51.5
X779	25.490	26.550	0.770	38.1
X780	26.550	25.490	0.870	38.1
X781	25.920	26.550	0.770	4.2
X782	26.550	25.920	1.030	4.2
X783	14.730	26.550	0.770	319.1
X784	26.550	14.730	0.780	319.1
X785	17.080	26.550	0.770	61.8
X786	26.550	17.080	2.050	61.8
X787	18.640	26.550	0.770	44.7
X788	26.550	18.640	1.350	44.7
X789	23.810	26.550	0.770	20.5
X790	26.550	23.810	1.210	20.5
X791	20.780	26.550	0.770	13.0
X792	26.550	20.780	0.930	13.0
X793	18.360	26.550	0.770	61.4
X794	26.550	18.360	1.450	61.4
X795	24.460	23.810	0.120	244.9
X796	23.810	24.460	1.430	244.9
X797	19.720	23.810	0.120	4.1
X798	23.810	19.720	-1.020	4.1
X799	24.050	23.810	0.120	231.0
X800	23.810	24.050	0.910	231.0
X801	25.490	23.810	0.120	112.3
X802	23.810	25.490	0.870	112.3
X803	25.920	23.810	0.120	7.1
X804	23.810	25.920	1.030	7.1
X805	14.730	23.810	0.120	40.6
X806	23.810	14.730	0.780	40.6
X807	17.080	23.810	0.120	158.7
X808	23.810	17.080	2.050	158.7
X809	18.640	23.810	0.120	4.8
X810	23.810	18.640	1.350	4.8
X811	23.810	23.810	0.120	13.9
X812	23.810	23.810	1.210	13.9
X813	20.780	23.810	0.120	19.6
X814	23.810	20.780	0.930	19.6
X815	18.360	23.810	0.120	14.7
X816	23.810	18.360	1.450	14.7
X817	19.720	24.460	1.430	13.9
X818	24.460	19.720	-1.020	13.9
X819	13.690	24.460	1.430	25.0
X820	24.460	13.690	0.790	25.0
X821	24.600	24.460	1.430	15.5
X822	24.460	24.600	1.100	15.5
X823	24.050	24.460	1.430	88.2
X824	24.460	24.050	0.910	88.2
X825	25.490	24.460	1.430	264.4
X826	24.460	25.490	0.870	264.4
X827	17.080	24.460	1.430	6.0
X828	24.460	17.080	2.050	6.0
X829	12.160	24.460	1.430	5.2
X830	24.460	12.160	0.070	5.2
X831	20.780	24.460	1.430	110.4
X832	24.460	20.780	0.930	110.4
X833	22.620	24.460	1.430	40.8
X834	24.460	22.620	1.050	40.8
X835	18.360	24.460	1.430	5.0
X836	24.460	18.360	1.450	5.0
X837	25.480	19.720	-1.020	4070.7
X838	19.720	25.480	-0.270	4070.7
X839	13.690	19.720	-1.020	11.0
X840	19.720	13.690	0.790	11.0
X841	20.180	19.720	-1.020	6.7
X842	19.720	20.180	1.580	6.7
X843	24.600	19.720	-1.020	10.7
X844	19.720	24.600	1.100	10.7
X845	24.050	19.720	-1.020	119.9
X846	19.720	24.050	0.910	119.9
X847	25.490	19.720	-1.020	45.9
X848	19.720	25.490	0.870	45.9
X849	25.920	19.720	-1.020	24.7
X850	19.720	25.920	1.030	24.7
X851	23.690	19.720	-1.020	4.4
X852	19.720	23.690	0.830	4.4
X853	12.160	19.720	-1.020	4.5
X854	19.720	12.160	0.070	4.5
X855	13.690	25.480	-0.270	4.4
X856	25.480	13.690	0.790	4.4
X857	20.180	25.480	-0.270	54.0
X858	25.480	20.180	1.580	54.0
X859	18.220	25.480	-0.270	5.0
X860	25.480	18.220	1.770	5.0
X861	24.050	25.480	-0.270	8.8
X862	25.480	24.050	0.910	8.8
X863	25.490	25.480	-0.270	4.8
X864	25.480	25.490	0.870	4.8
X865	25.920	25.480	-0.270	6.2
X866	25.480	25.920	1.030	6.2
X867	18.680	13.690	0.790	5.7
X868	13.690	18.680	0.340	5.7
X869	18.660	13.690	0.790	14.1
X870	13.690	18.660	1.240	14.1
X871	24.600	13.690	0.790	145.9
X872	13.690	24.600	1.100	145.9
X873	25.610	13.690	0.790	54.9
X874	13.690	25.610	0.870	54.9
X875	25.490	13.690	0.790	21.4
X876	13.690	25.490	0.870	21.4
X877	21.550	13.690	0.790	53.7
X878	13.690	21.550	0.860	53.7
X879	23.560	13.690	0.790	9.3
X880	13.690	23.560	0.130	9.3
X881	20.780	13.690	0.790	25.0
X882	13.690	20.780	0.930	25.0
X883	22.620	13.690	0.790	242.3
X884	13.690	22.620	1.050	242.3
X885	25.560	13.690	0.790	12.9
X886	13.690	25.560	0.900	12.9
X887	19.850	13.690	0.790	26.0
X888	13.690	19.850	0.730	26.0
X889	20.180	18.680	0.340	30.2
X890	18.680	20.180	1.580	30.2
X891	18.660	18.680	0.340	5.1
X892	18.680	18.660	1.240	5.1
X893	21.150	20.180	1.580	4.4
X894	20.180	21.150	1.050	4.4
X895	21.780	16.960	0.480	14.4
X896	16.960	21.780	0.830	14.4
X897	22.980	16.960	0.480	9.8
X898	16.960	22.980	0.710	9.8
X899	22.760	16.960	0.480	25.5
X900	16.960	22.760	0.880	25.5
X901	12.680	16.960	0.480	6.0
X902	16.960	12.680	-0.140	6.0
X903	17.510	16.960	0.480	55.3
X904	16.960	17.510	0.270	55.3
X905	23.560	16.960	0.480	7.0
X906	16.960	23.560	0.130	7.0
X907	15.690	16.960	0.480	6.9
X908	16.960	15.690	0.700	6.9
X909	12.680	14.330	0.890	8.1
X910	14.330	12.680	-0.140	8.1
X911	22.980	21.780	0.830	4092.0
X912	21.780	22.980	0.710	4092.0
X913	22.760	21.780	0.830	403.5
X914	21.780	22.760	0.880	403.5
X915	22.820	21.780	0.830	238.1
X916	21.780	22.820	0.850	238.1
X917	19.530	21.780	0.830	4.0
X918	21.780	19.530	1.490	4.0
X919	23.560	21.780	0.830	9.2
X920	21.780	23.560	0.130	9.2
X921	18.160	21.780	0.830	6.4
X922	21.780	18.160	1.260	6.4
X923	15.690	21.780	0.830	250.7
X924	21.780	15.690	0.700	250.7
X925	22.180	21.780	0.830	84.1
X926	21.780	22.180	1.380	84.1
X927	22.760	22.980	0.710	22.0
X928	22.980	22.760	0.880	22.0
X929	22.820	22.980	0.710	14.1
X930	22.980	22.820	0.850	14.1
X931	15.690	22.980	0.710	44.8
X932	22.980	15.690	0.700	44.8
X933	22.180	22.980	0.710	453.3
X934	22.980	22.180	1.380	453.3
X935	22.820	22.760	0.880	5289.3
X936	22.760	22.820	0.850	5289.3
X937	18.660	22.760	0.880	15.0
X938	22.760	18.660	1.240	15.0
X939	19.530	22.760	0.880	8.9
X940	22.760	19.530	1.490	8.9
X941	21.550	22.760	0.880	24.3
X942	22.760	21.550	0.860	24.3
X943	23.560	22.760	0.880	266.1
X944	22.760	23.560	0.130	266.1
X945	25.560	22.760	0.880	4.7
X946	22.760	25.560	0.900	4.7
X947	19.850	22.760	0.880	17.9
X948	22.760	19.850	0.730	17.9
X949	18.160	22.760	0.880	28.0
X950	22.760	18.160	1.260	28.0
X951	15.690	22.760	0.880	342.0
X952	22.760	15.690	0.700	342.0
X953	18.660	22.820	0.850	14.5
X954	22.820	18.660	1.240	14.5
X955	19.530	22.820	0.850	12.8
X956	22.820	19.530	1.490	12.8
X957	21.550	22.820	0.850	10.2
X958	22.820	21.550	0.860	10.2
X959	23.560	22.820	0.850	79.2
X960	22.820	23.560	0.130	79.2
X961	19.070	22.820	0.850	9.4
X962	22.820	19.070	1.290	9.4
X963	25.560	22.820	0.850	12.3
X964	22.820	25.560	0.900	12.3
X965	19.850	22.820	0.850	58.1
X966	22.820	19.850	0.730	58.1
X967	18.160	22.820	0.850	201.3
X968	22.820	18.160	1.260	201.3
X969	15.690	22.820	0.850	307.2
X970	22.820	15.690	0.700	307.2
X971	22.180	22.820	0.850	5.3
X972	22.820	22.180	1.380	5.3
X973	18.660	18.550	1.440	5.7
X974	18.550	18.660	1.240	5.7
X975	18.220	18.550	1.440	14.7
X976	18.550	18.220	1.770	14.7
X977	18.220	18.660	1.240	6.7
X978	18.660	18.220	1.770	6.7
X979	25.610	18.660	1.240	6.3
X980	18.660	25.610	0.870	6.3
X981	21.550	18.660	1.240	5.7
X982	18.660	21.550	1.000	5.7
X983	25.560	18.660	1.240	110.8
X984	18.660	25.560	0.900	110.8
X985	19.850	18.660	1.240	36.9
X986	18.660	19.850	0.730	36.9
X987	21.140	18.220	1.770	12.2
X988	18.220	21.140	1.290	12.2
X989	21.550	18.220	1.770	3.9
X990	18.220	21.550	1.000	3.9
X991	25.610	24.600	1.100	3933.4
X992	24.600	25.610	0.870	3933.4
X993	24.050	24.600	1.100	19.9
X994	24.600	24.050	0.910	19.9
X995	25.490	24.600	1.100	335.5
X996	24.600	25.490	0.870	335.5
X997	21.920	24.600	1.100	9.6
X998	24.600	21.920	0.970	9.6
X999	23.700	24.600	1.100	142.0
X1000	24.600	23.700	0.870	142.0
X1001	14.730	24.600	1.100	5.5
X1002	24.600	14.730	0.780	5.5
X1003	20.780	24.600	1.100	125.6
X1004	24.600	20.780	0.930	125.6
X1005	22.620	24.600	1.100	240.5
X1006	24.600	22.620	1.050	240.5
X1007	18.320	24.600	1.100	89.1
X1008	24.600	18.320	1.310	89.1
X1009	18.360	24.600	1.100	16.9
X1010	24.600	18.360	1.450	16.9
X1011	21.550	24.600	1.100	25.4
X1012	24.600	21.550	1.000	25.4
X1013	23.700	24.600	1.100	31.9
X1014	24.600	23.700	1.060	31.9
X1015	18.660	24.600	1.100	7.8
X1016	24.600	18.660	1.410	7.8
X1017	25.560	24.600	1.100	20.1
X1018	24.600	25.560	0.900	20.1
X1019	19.850	24.600	1.100	21.9
X1020	24.600	19.850	0.730	21.9
X1021	21.920	25.610	0.870	5.9
X1022	25.610	21.920	0.970	5.9
X1023	23.700	25.610	0.870	51.6
X1024	25.610	23.700	0.870	51.6
X1025	21.550	25.610	0.870	5.4
X1026	25.610	21.550	0.860	5.4
X1027	19.070	25.610	0.870	49.2
X1028	25.610	19.070	1.290	49.2
X1029	20.780	25.610	0.870	26.5
X1030	25.610	20.780	0.930	26.5
X1031	22.620	25.610	0.870	100.4
X1032	25.610	22.620	1.050	100.4
X1033	18.320	25.610	0.870	262.7
X1034	25.610	18.320	1.310	262.7
X1035	21.550	25.610	0.870	177.7
X1036	25.610	21.550	1.000	177.7
X1037	23.700	25.610	0.870	102.4
X1038	25.610	23.700	1.060	102.4
X1039	18.660	25.610	0.870	68.0
X1040	25.610	18.660	1.410	68.0
X1041	25.560	25.610	0.870	246.4
X1042	25.610	25.560	0.900	246.4
X1043	19.850	25.610	0.870	289.8
X1044	25.610	19.850	0.730	289.8
X1045	21.920	21.140	1.290	10.2
X1046	21.140	21.920	0.970	10.2
X1047	23.700	21.140	1.290	10.3
X1048	21.140	23.700	0.870	10.3
X1049	21.550	21.140	1.290	18.7
X1050	21.140	21.550	1.000	18.7
X1051	23.700	21.140	1.290	30.5
X1052	21.140	23.700	1.060	30.5
X1053	25.490	24.050	0.910	3582.0
X1054	24.050	25.490	0.870	3582.0
X1055	23.700	24.050	0.910	11.3
X1056	24.050	23.700	0.870	11.3
X1057	25.920	24.050	0.910	132.3
X1058	24.050	25.920	1.030	132.3
X1059	23.690	24.050	0.910	10.6
X1060	24.050	23.690	0.830	10.6
X1061	14.730	24.050	0.910	54.7
X1062	24.050	14.730	0.780	54.7
X1063	17.080	24.050	0.910	44.1
X1064	24.050	17.080	2.050	44.1
X1065	20.780	24.050	0.910	11.5
X1066	24.050	20.780	0.930	11.5
X1067	18.360	24.050	0.910	10.6
X1068	24.050	18.360	1.450	10.6
X1069	21.920	25.490	0.870	6.4
X1070	25.490	21.920	0.970	6.4
X1071	23.700	25.490	0.870	43.2
X1072	25.490	23.700	0.870	43.2
X1073	25.920	25.490	0.870	9.9
X1074	25.490	25.920	1.030	9.9
X1075	14.730	25.490	0.870	53.6
X1076	25.490	14.730	0.780	53.6
X1077	17.080	25.490	0.870	6.2
X1078	25.490	17.080	2.050	6.2
X1079	20.780	25.490	0.870	147.7
X1080	25.490	20.780	0.930	147.7
X1081	22.620	25.490	0.870	38.1
X1082	25.490	22.620	1.050	38.1
X1083	18.360	25.490	0.870	45.0
X1084	25.490	18.360	1.450	45.0
X1085	23.700	21.920	0.970	4265.0
X1086	21.920	23.700	0.870	4265.0
X1087	14.730	21.920	0.970	24.8
X1088	21.920	14.730	0.780	24.8
X1089	18.320	21.920	0.970	41.7
X1090	21.920	18.320	1.310	41.7
X1091	18.360	21.920	0.970	20.3
X1092	21.920	18.360	1.450	20.3
X1093	21.550	21.920	0.970	6.8
X1094	21.920	21.550	1.000	6.8
X1095	23.700	21.920	0.970	82.8
X1096	21.920	23.700	1.060	82.8
X1097	14.730	23.700	0.870	33.6
X1098	23.700	14.730	0.780	33.6
X1099	20.780	23.700	0.870	8.4
X1100	23.700	20.780	0.930	8.4
X1101	18.320	23.700	0.870	258.3
X1102	23.700	18.320	1.310	258.3
X1103	18.360	23.700	0.870	55.3
X1104	23.700	18.360	1.450	55.3
X1105	21.550	23.700	0.870	22.2
X1106	23.700	21.550	1.000	22.2
X1107	23.700	23.700	0.870	267.5
X1108	23.700	23.700	1.060	267.5
X1109	18.660	23.700	0.870	4.5
X1110	23.700	18.660	1.410	4.5
X1111	23.690	25.920	1.030	4063.3
X1112	25.920	23.690	0.830	4063.3
X1113	14.730	25.920	1.030	7.5
X1114	25.920	14.730	0.780	7.5
X1115	17.080	25.920	1.030	46.6
X1116	25.920	17.080	2.050	46.6
X1117	17.080	23.690	0.830	8.4
X1118	23.690	17.080	2.050	8.4
X1119	17.080	14.730	0.780	8.9
X1120	14.730	17.080	2.050	8.9
X1121	18.640	14.730	0.780	112.5
X1122	14.730	18.640	1.350	112.5
X1123	20.780	14.730	0.780	7.9
X1124	14.730	20.780	0.930	7.9
X1125	18.360	14.730	0.780	529.5
X1126	14.730	18.360	1.450	529.5
X1127	23.810	17.080	2.050	19.7
X1128	17.080	23.810	1.210	19.7
X1129	17.460	17.080	2.050	5.1
X1130	17.080	17.460	1.130	5.1
X1131	12.160	17.080	2.050	9.4
X1132	17.080	12.160	0.070	9.4
X1133	18.360	18.640	1.350	107.8
X1134	18.640	18.360	1.450	107.8
X1135	13.500	23.810	1.210	13.2
X1136	23.810	13.500	0.890	13.2
X1137	17.460	23.810	1.210	273.5
X1138	23.810	17.460	1.130	273.5
X1139	20.250	23.810	1.210	9.9
X1140	23.810	20.250	1.520	9.9
X1141	17.460	13.500	0.890	5.9
X1142	13.500	17.460	1.130	5.9
X1143	18.160	13.500	0.890	17.9
X1144	13.500	18.160	1.430	17.9
X1145	20.250	13.500	0.890	4.4
X1146	13.500	20.250	1.520	4.4
X1147	18.160	17.460	1.130	5.4
X1148	17.460	18.160	1.430	5.4
X1149	20.250	17.460	1.130	27.3
X1150	17.460	20.250	1.520	27.3
X1151	19.550	17.460	1.130	11.7
X1152	17.460	19.550	1.150	11.7
X1153	17.650	17.460	1.130	15.9
X1154	17.460	17.650	0.190	15.9
X1155	20.250	18.160	1.430	39.3
X1156	18.160	20.250	1.520	39.3
X1157	19.550	20.250	1.520	254.0
X1158	20.250	19.550	1.150	254.0
X1159	20.880	19.550	1.150	16.8
X1160	19.550	20.880	1.730	16.8
X1161	17.650	19.550	1.150	24.7
X1162	19.550	17.650	0.190	24.7
X1163	17.200	20.880	1.730	42.5
X1164	20.880	17.200	1.840	42.5
X1165	12.160	17.650	0.190	3.9
X1166	17.650	12.160	0.070	3.9
X1167	19.320	17.650	0.190	9.8
X1168	17.650	19.320	1.360	9.8
X1169	14.180	17.650	0.190	41.9
X1170	17.650	14.180	0.330	41.9
X1171	26.180	12.160	0.070	17.8
X1172	12.160	26.180	0.670	17.8
X1173	24.250	12.160	0.070	133.9
X1174	12.160	24.250	0.660	133.9
X1175	14.180	19.320	1.360	73.5
X1176	19.320	14.180	0.330	73.5
X1177	21.200	14.180	0.330	11.1
X1178	14.180	21.200	0.600	11.1
X1179	22.190	14.180	0.330	5.4
X1180	14.180	22.190	0.800	5.4
X1181	21.750	14.180	0.330	15.8
X1182	14.180	21.750	0.610	15.8
X1183	22.190	21.200	0.600	3354.9
X1184	21.200	22.190	0.800	3354.9
X1185	21.750	22.260	1.080	3914.0
X1186	22.260	21.750	0.610	3914.0
X1187	19.000	22.260	1.080	16.1
X1188	22.260	19.000	1.120	16.1
X1189	18.280	22.260	1.080	255.8
X1190	22.260	18.280	1.320	255.8
X1191	20.680	22.260	1.080	6.1
X1192	22.260	20.680	1.390	6.1
X1193	19.000	21.750	0.610	6.3
X1194	21.750	19.000	1.120	6.3
X1195	18.280	21.750	0.610	21.1
X1196	21.750	18.280	1.320	21.1
X1197	20.700	19.000	1.120	7.7
X1198	19.000	20.700	0.980	7.7
X1199	21.950	19.000	1.120	27.5
X1200	19.000	21.950	0.990	27.5
X1201	24.250	19.000	1.120	5.2
X1202	19.000	24.250	0.660	5.2
X1203	18.280	19.000	1.120	13.8
X1204	19.000	18.280	1.320	13.8
X1205	21.950	20.700	0.980	3927.6
X1206	20.700	21.950	0.990	3927.6
X1207	26.180	20.700	0.980	11.6
X1208	20.700	26.180	0.670	11.6
X1209	24.250	20.700	0.980	7.4
X1210	20.700	24.250	0.660	7.4
X1211	21.150	20.700	0.980	9.3
X1212	20.700	21.150	1.050	9.3
X1213	18.280	20.700	0.980	6.3
X1214	20.700	18.280	1.320	6.3
X1215	18.280	21.950	0.990	26.3
X1216	21.950	18.280	1.320	26.3
X1217	24.250	26.180	0.670	3783.1
X1218	26.180	24.250	0.660	3783.1
X1219	23.040	21.980	0.950	3401.5
X1220	21.980	23.040	1.030	3401.5
X1221	20.580	21.980	0.950	4.8
X1222	21.980	20.580	0.710	4.8
X1223	21.340	21.980	0.950	30.7
X1224	21.980	21.340	0.560	30.7
X1225	20.680	21.980	0.950	5.8
X1226	21.980	20.680	1.390	5.8
X1227	18.120	21.980	0.950	143.6
X1228	21.980	18.120	1.300	143.6
X1229	12.760	21.980	0.950	77.9
X1230	21.980	12.760	0.850	77.9
X1231	17.420	21.980	0.950	9.2
X1232	21.980	17.420	2.090	9.2
X1233	20.680	23.040	1.030	3.9
X1234	23.040	20.680	1.390	3.9
X1235	18.120	23.040	1.030	217.2
X1236	23.040	18.120	1.300	217.2
X1237	12.760	23.040	1.030	13.7
X1238	23.040	12.760	0.850	13.7
X1239	17.420	23.040	1.030	5.7
X1240	23.040	17.420	2.090	5.7
X1241	21.340	20.580	0.710	4356.9
X1242	20.580	21.340	0.560	4356.9
X1243	22.930	20.580	0.710	3.9
X1244	20.580	22.930	0.810	3.9
X1245	19.920	20.580	0.710	25.7
X1246	20.580	19.920	1.010	25.7
X1247	12.760	20.580	0.710	21.9
X1248	20.580	12.760	0.850	21.9
X1249	19.920	21.340	0.560	7.3
X1250	21.340	19.920	1.010	7.3
X1251	12.760	21.340	0.560	476.3
X1252	21.340	12.760	0.850	476.3
X1253	17.420	21.340	0.560	4.9
X1254	21.340	17.420	2.090	4.9
X1255	25.530	22.930	0.810	4003.3
X1256	22.930	25.530	0.890	4003.3
X1257	21.260	22.930	0.810	6.0
X1258	22.930	21.260	0.550	6.0
X1259	23.300	22.930	0.810	16.0
X1260	22.930	23.300	0.830	16.0
X1261	21.260	25.530	0.890	4.3
X1262	25.530	21.260	0.550	4.3
X1263	27.680	25.530	0.890	4.8
X1264	25.530	27.680	1.060	4.8
X1265	22.100	25.530	0.890	4.9
X1266	25.530	22.100	0.810	4.9
X1267	21.690	25.530	0.890	15.2
X1268	25.530	21.690	1.010	15.2
X1269	22.560	25.530	0.890	4.2
X1270	25.530	22.560	0.900	4.2
X1271	27.120	25.530	0.890	23.8
X1272	25.530	27.120	0.930	23.8
X1273	23.300	25.530	0.890	318.5
X1274	25.530	23.300	0.830	318.5
X1275	14.270	21.260	0.550	6.4
X1276	21.260	14.270	0.950	6.4
X1277	26.060	21.260	0.550	199.1
X1278	21.260	26.060	0.690	199.1
X1279	23.760	21.260	0.550	288.7
X1280	21.260	23.760	0.740	288.7
X1281	27.680	21.260	0.550	29.2
X1282	21.260	27.680	1.060	29.2
X1283	26.020	21.260	0.550	9.9
X1284	21.260	26.020	1.070	9.9
X1285	24.390	21.260	0.550	4.2
X1286	21.260	24.390	1.140	4.2
X1287	18.220	14.270	0.950	218.4
X1288	14.270	18.220	1.320	218.4
X1289	26.060	14.270	0.950	141.8
X1290	14.270	26.060	0.690	141.8
X1291	23.760	14.270	0.950	9.6
X1292	14.270	23.760	0.740	9.6
X1293	18.930	18.230	1.220	35.9
X1294	18.230	18.930	1.300	35.9
X1295	22.950	25.710	0.960	3876.7
X1296	25.710	22.950	0.980	3876.7
X1297	18.220	25.710	0.960	7.9
X1298	25.710	18.220	1.320	7.9
X1299	18.220	22.950	0.980	6.9
X1300	22.950	18.220	1.320	6.9
X1301	26.060	18.220	1.320	45.2
X1302	18.220	26.060	0.690	45.2
X1303	23.760	18.220	1.320	9.6
X1304	18.220	23.760	0.740	9.6
X1305	23.760	26.060	0.690	3894.9
X1306	26.060	23.760	0.740	3894.9
X1307	27.680	26.060	0.690	14.7
X1308	26.060	27.680	1.060	14.7
X1309	26.020	26.060	0.690	16.2
X1310	26.060	26.020	1.070	16.2
X1311	24.230	23.760	0.740	19.2
X1312	23.760	24.230	0.860	19.2
X1313	27.680	23.760	0.740	268.4
X1314	23.760	27.680	1.060	268.4
X1315	26.020	23.760	0.740	30.0
X1316	23.760	26.020	1.070	30.0
X1317	24.390	23.760	0.740	9.3
X1318	23.760	24.390	1.140	9.3
X1319	27.680	24.230	0.860	4557.5
X1320	24.230	27.680	1.060	4557.5
X1321	24.390	24.230	0.860	12.3
X1322	24.230	24.390	1.140	12.3
X1323	28.240	24.230	0.860	9.5
X1324	24.230	28.240	1.100	9.5
X1325	22.100	24.230	0.860	99.8
X1326	24.230	22.100	0.810	99.8
X1327	18.000	24.230	0.860	9.3
X1328	24.230	18.000	1.470	9.3
X1329	21.690	24.230	0.860	32.0
X1330	24.230	21.690	1.010	32.0
X1331	22.560	24.230	0.860	430.3
X1332	24.230	22.560	0.900	430.3
X1333	27.120	24.230	0.860	10.2
X1334	24.230	27.120	0.930	10.2
X1335	23.300	24.230	0.860	6.8
X1336	24.230	23.300	0.830	6.8
X1337	26.020	27.680	1.060	23.6
X1338	27.680	26.020	1.070	23.6
X1339	24.390	27.680	1.060	37.1
X1340	27.680	24.390	1.140	37.1
X1341	22.100	27.680	1.060	46.9
X1342	27.680	22.100	0.810	46.9
X1343	21.690	27.680	1.060	8.8
X1344	27.680	21.690	1.010	8.8
X1345	22.560	27.680	1.060	32.8
X1346	27.680	22.560	0.900	32.8
X1347	24.390	26.020	1.070	3376.6
X1348	26.020	24.390	1.140	3376.6
X1349	28.240	26.020	1.070	7.4
X1350	26.020	28.240	1.100	7.4
X1351	22.100	26.020	1.070	8.6
X1352	26.020	22.100	0.810	8.6
X1353	19.920	26.020	1.070	6.8
X1354	26.020	19.920	1.010	6.8
X1355	24.590	26.020	1.070	14.1
X1356	26.020	24.590	0.870	14.1
X1357	26.800	26.020	1.070	6.1
X1358	26.020	26.800	0.720	6.1
X1359	21.090	24.390	1.140	4.6
X1360	24.390	21.090	0.830	4.6
X1361	28.240	24.390	1.140	103.3
X1362	24.390	28.240	1.100	103.3
X1363	22.100	24.390	1.140	98.6
X1364	24.390	22.100	0.810	98.6
X1365	19.920	24.390	1.140	20.9
X1366	24.390	19.920	1.010	20.9
X1367	24.590	24.390	1.140	56.2
X1368	24.390	24.590	0.870	56.2
X1369	26.800	24.390	1.140	38.0
X1370	24.390	26.800	0.720	38.0
X1371	28.240	21.090	0.830	4.1
X1372	21.090	28.240	1.100	4.1
X1373	24.590	21.090	0.830	9.4
X1374	21.090	24.590	0.870	9.4
X1375	26.800	21.090	0.830	23.3
X1376	21.090	26.800	0.720	23.3
X1377	22.100	28.240	1.100	4006.6
X1378	28.240	22.100	0.810	4006.6
X1379	27.120	28.240	1.100	54.7
X1380	28.240	27.120	0.930	54.7
X1381	23.300	28.240	1.100	6.7
X1382	28.240	23.300	0.830	6.7
X1383	22.620	28.240	1.100	212.8
X1384	28.240	22.620	1.070	212.8
X1385	19.230	28.240	1.100	138.1
X1386	28.240	19.230	1.260	138.1
X1387	19.920	28.240	1.100	9.2
X1388	28.240	19.920	1.010	9.2
X1389	24.590	28.240	1.100	43.2
X1390	28.240	24.590	0.870	43.2
X1391	26.800	28.240	1.100	390.6
X1392	28.240	26.800	0.720	390.6
X1393	22.810	28.240	1.100	11.4
X1394	28.240	22.810	0.790	11.4
X1395	21.690	22.100	0.810	18.9
X1396	22.100	21.690	1.010	18.9
X1397	22.560	22.100	0.810	36.1
X1398	22.100	22.560	0.900	36.1
X1399	27.120	22.100	0.810	320.9
X1400	22.100	27.120	0.930	320.9
X1401	23.300	22.100	0.810	33.1
X1402	22.100	23.300	0.830	33.1
X1403	22.620	22.100	0.810	74.1
X1404	22.100	22.620	1.070	74.1
X1405	19.230	22.100	0.810	17.3
X1406	22.100	19.230	1.260	17.3
X1407	24.590	22.100	0.810	6.7
X1408	22.100	24.590	0.870	6.7
X1409	26.800	22.100	0.810	26.4
X1410	22.100	26.800	0.720	26.4
X1411	22.810	22.100	0.810	4.6
X1412	22.100	22.810	0.790	4.6
X1413	21.690	18.000	1.470	11.8
X1414	18.000	21.690	1.010	11.8
X1415	22.560	18.000	1.470	65.5
X1416	18.000	22.560	0.900	65.5
X1417	22.560	21.690	1.010	3910.4
X1418	21.690	22.560	0.900	3910.4
X1419	27.120	21.690	1.010	129.0
X1420	21.690	27.120	0.930	129.0
X1421	23.300	21.690	1.010	319.8
X1422	21.690	23.300	0.830	319.8
X1423	27.120	22.560	0.900	35.6
X1424	22.560	27.120	0.930	35.6
X1425	23.300	22.560	0.900	30.2
X1426	22.560	23.300	0.830	30.2
X1427	23.300	27.120	0.930	4092.2
X1428	27.120	23.300	0.830	4092.2
X1429	22.620	27.120	0.930	315.3
X1430	27.120	22.620	1.070	315.3
X1431	19.230	27.120	0.930	16.7
X1432	27.120	19.230	1.260	16.7
X1433	26.720	27.120	0.930	4.7
X1434	27.120	26.720	0.890	4.7
X1435	22.810	27.120	0.930	16.8
X1436	27.120	22.810	0.790	16.8
X1437	22.620	23.300	0.830	26.0
X1438	23.300	22.620	1.070	26.0
X1439	22.620	19.730	1.380	12.6
X1440	19.730	22.620	1.070	12.6
X1441	19.230	19.730	1.380	14.0
X1442	19.730	19.230	1.260	14.0
X1443	22.810	19.730	1.380	12.5
X1444	19.730	22.810	0.790	12.5
X1445	17.390	19.730	1.380	10.5
X1446	19.730	17.390	1.430	10.5
X1447	12.870	19.730	1.380	34.8
X1448	19.730	12.870	1.120	34.8
X1449	20.680	19.730	1.380	74.9
X1450	19.730	20.680	1.390	74.9
X1451	18.220	19.730	1.380	14.5
X1452	19.730	18.220	1.560	14.5
X1453	18.120	19.730	1.380	10.2
X1454	19.730	18.120	1.300	10.2
X1455	19.230	22.620	1.070	3931.3
X1456	22.620	19.230	1.260	3931.3
X1457	19.920	22.620	1.070	10.8
X1458	22.620	19.920	1.010	10.8
X1459	26.800	22.620	1.070	7.9
X1460	22.620	26.800	0.720	7.9
X1461	26.720	22.620	1.070	23.2
X1462	22.620	26.720	0.890	23.2
X1463	22.810	22.620	1.070	451.3
X1464	22.620	22.810	0.790	451.3
X1465	12.870	22.620	1.070	11.6
X1466	22.620	12.870	1.120	11.6
X1467	19.920	19.230	1.260	17.3
X1468	19.230	19.920	1.010	17.3
X1469	24.590	19.230	1.260	8.2
X1470	19.230	24.590	0.870	8.2
X1471	26.800	19.230	1.260	20.1
X1472	19.230	26.800	0.720	20.1
X1473	26.720	19.230	1.260	21.5
X1474	19.230	26.720	0.890	21.5
X1475	22.810	19.230	1.260	394.4
X1476	19.230	22.810	0.790	394.4
X1477	12.870	19.230	1.260	8.0
X1478	19.230	12.870	1.120	8.0
X1479	24.590	19.920	1.010	10.1
X1480	19.920	24.590	0.870	10.1
X1481	26.800	19.920	1.010	4.2
X1482	19.920	26.800	0.720	4.2
X1483	26.800	24.590	0.870	3105.4
X1484	24.590	26.800	0.720	3105.4
X1485	22.810	26.720	0.890	3572.0
X1486	26.720	22.810	0.790	3572.0
X1487	17.390	26.720	0.890	20.6
X1488	26.720	17.390	1.430	20.6
X1489	12.870	26.720	0.890	119.2
X1490	26.720	12.870	1.120	119.2
X1491	17.390	22.810	0.790	17.5
X1492	22.810	17.390	1.430	17.5
X1493	12.870	22.810	0.790	194.7
X1494	22.810	12.870	1.120	194.7
X1495	12.870	17.390	1.430	258.2
X1496	17.390	12.870	1.120	258.2
X1497	17.680	17.390	1.430	33.9
X1498	17.390	17.680	1.650	33.9
X1499	18.220	17.390	1.430	10.5
X1500	17.390	18.220	1.560	10.5
X1501	20.680	12.870	1.120	12.2
X1502	12.870	20.680	1.390	12.2
X1503	18.280	17.680	1.650	51.2
X1504	17.680	18.280	1.320	51.2
X1505	18.220	17.680	1.650	21.8
X1506	17.680	18.220	1.560	21.8
X1507	20.680	18.280	1.320	8.4
X1508	18.280	20.680	1.390	8.4
X1509	18.120	20.680	1.390	44.7
X1510	20.680	18.120	1.300	44.7
X1511	18.120	18.220	1.560	5.5
X1512	18.220	18.120	1.300	5.5
X1513	17.420	12.760	0.850	6.4
X1514	12.760	17.420	2.090	6.4
X1515	17.510	17.420	2.090	18.1
X1516	17.420	17.510	0.270	18.1
X1517	17.510	12.680	-0.140	8.0
X1518	12.680	17.510	0.270	8.0
X1519	19.530	18.960	1.690	22.3
X1520	18.960	19.530	1.490	22.3
X1521	15.690	18.960	1.690	12.2
X1522	18.960	15.690	0.700	12.2
X1523	21.550	19.530	1.490	11.4
X1524	19.530	21.550	0.860	11.4
X1525	23.560	19.530	1.490	75.7
X1526	19.530	23.560	0.130	75.7
X1527	21.650	19.530	1.490	9.0
X1528	19.530	21.650	1.150	9.0
X1529	19.070	19.530	1.490	13.4
X1530	19.530	19.070	1.290	13.4
X1531	18.160	19.530	1.490	161.2
X1532	19.530	18.160	1.260	161.2
X1533	15.690	19.530	1.490	246.3
X1534	19.530	15.690	0.700	246.3
X1535	23.560	21.550	0.860	3585.2
X1536	21.550	23.560	0.130	3585.2
X1537	19.070	21.550	0.860	31.3
X1538	21.550	19.070	1.290	31.3
X1539	20.780	21.550	0.860	10.1
X1540	21.550	20.780	0.930	10.1
X1541	22.620	21.550	0.860	105.8
X1542	21.550	22.620	1.050	105.8
X1543	19.850	21.550	0.860	16.7
X1544	21.550	19.850	0.730	16.7
X1545	18.160	21.550	0.860	13.1
X1546	21.550	18.160	1.260	13.1
X1547	15.690	21.550	0.860	10.1
X1548	21.550	15.690	0.700	10.1
X1549	19.070	23.560	0.130	26.9
X1550	23.560	19.070	1.290	26.9
X1551	22.620	23.560	0.130	11.0
X1552	23.560	22.620	1.050	11.0
X1553	19.850	23.560	0.130	19.0
X1554	23.560	19.850	0.730	19.0
X1555	18.160	23.560	0.130	66.5
X1556	23.560	18.160	1.260	66.5
X1557	15.690	23.560	0.130	169.4
X1558	23.560	15.690	0.700	169.4
X1559	19.070	21.650	1.150	29.2
X1560	21.650	19.070	1.290	29.2
X1561	13.380	21.650	1.150	6.9
X1562	21.650	13.380	0.890	6.9
X1563	18.660	21.650	1.150	5.9
X1564	21.650	18.660	1.410	5.9
X1565	18.160	21.650	1.150	7.6
X1566	21.650	18.160	1.260	7.6
X1567	20.780	19.070	1.290	10.9
X1568	19.070	20.780	0.930	10.9
X1569	22.620	19.070	1.290	55.5
X1570	19.070	22.620	1.050	55.5
X1571	18.320	19.070	1.290	18.3
X1572	19.070	18.320	1.310	18.3
X1573	18.660	19.070	1.290	204.3
X1574	19.070	18.660	1.410	204.3
X1575	25.560	19.070	1.290	14.8
X1576	19.070	25.560	0.900	14.8
X1577	19.850	19.070	1.290	202.4
X1578	19.070	19.850	0.730	202.4
X1579	18.160	19.070	1.290	263.1
X1580	19.070	18.160	1.260	263.1
X1581	15.690	19.070	1.290	4.0
X1582	19.070	15.690	0.700	4.0
X1583	22.620	20.780	0.930	4047.1
X1584	20.780	22.620	1.050	4047.1
X1585	13.380	20.780	0.930	14.7
X1586	20.780	13.380	0.890	14.7
X1587	18.320	20.780	0.930	18.3
X1588	20.780	18.320	1.310	18.3
X1589	18.360	20.780	0.930	76.6
X1590	20.780	18.360	1.450	76.6
X1591	13.380	22.620	1.050	5.0
X1592	22.620	13.380	0.890	5.0
X1593	18.320	22.620	1.050	14.8
X1594	22.620	18.320	1.310	14.8
X1595	18.360	22.620	1.050	8.9
X1596	22.620	18.360	1.450	8.9
X1597	18.660	22.620	1.050	5.4
X1598	22.620	18.660	1.410	5.4
X1599	19.850	22.620	1.050	20.3
X1600	22.620	19.850	0.730	20.3
X1601	18.360	13.380	0.890	4.6
X1602	13.380	18.360	1.450	4.6
X1603	18.360	18.320	1.310	44.3
X1604	18.320	18.360	1.450	44.3
X1605	21.550	18.320	1.310	27.7
X1606	18.320	21.550	1.000	27.7
X1607	23.700	18.320	1.310	150.7
X1608	18.320	23.700	1.060	150.7
X1609	18.660	18.320	1.310	190.7
X1610	18.320	18.660	1.410	190.7
X1611	25.560	18.320	1.310	7.5
X1612	18.320	25.560	0.900	7.5
X1613	19.850	18.320	1.310	9.1
X1614	18.320	19.850	0.730	9.1
X1615	21.550	22.120	1.330	4.1
X1616	22.120	21.550	1.000	4.1
X1617	23.700	22.120	1.330	11.4
X1618	22.120	23.700	1.060	11.4
X1619	23.700	21.550	1.000	3295.3
X1620	21.550	23.700	1.060	3295.3
X1621	18.660	21.550	1.000	21.4
X1622	21.550	18.660	1.410	21.4
X1623	25.560	21.550	1.000	354.3
X1624	21.550	25.560	0.900	354.3
X1625	19.850	21.550	1.000	29.3
X1626	21.550	19.850	0.730	29.3
X1627	18.660	23.700	1.060	20.1
X1628	23.700	18.660	1.410	20.1
X1629	25.560	23.700	1.060	21.8
X1630	23.700	25.560	0.900	21.8
X1631	19.850	23.700	1.060	6.5
X1632	23.700	19.850	0.730	6.5
X1633	25.560	18.660	1.410	23.5
X1634	18.660	25.560	0.900	23.5
X1635	19.850	18.660	1.410	53.8
X1636	18.660	19.850	0.730	53.8
X1637	18.160	18.660	1.410	14.2
X1638	18.660	18.160	1.260	14.2
X1639	19.850	25.560	0.900	3509.1
X1640	25.560	19.850	0.730	3509.1
X1641	18.160	25.560	0.900	7.7
X1642	25.560	18.160	1.260	7.7
X1643	18.160	19.850	0.730	72.8
X1644	19.850	18.160	1.260	72.8
X1645	15.690	18.160	1.260	86.2
X1646	18.160	15.690	0.700	86.2
X1647	22.180	21.760	1.260	4.0
X1648	21.760	22.180	1.380	4.0
X1649	22.180	15.690	0.700	13.1
X1650	15.690	22.180	1.380	13.1
